Marcus is the best dude ever!


id,firstname,lastname,email,email2,profession
100,Yvonne,Drisko,Yvonne.Drisko@yopmail.com,Yvonne.Drisko@gmail.com,police officer
101,Celestyna,Merat,Celestyna.Merat@yopmail.com,Celestyna.Merat@gmail.com,police officer
102,Kamilah,Graig,Kamilah.Graig@yopmail.com,Kamilah.Graig@gmail.com,police officer
103,Lily,Heidt,Lily.Heidt@yopmail.com,Lily.Heidt@gmail.com,worker
104,Tierney,MacIntosh,Tierney.MacIntosh@yopmail.com,Tierney.MacIntosh@gmail.com,developer
105,Louella,Tound,Louella.Tound@yopmail.com,Louella.Tound@gmail.com,doctor
106,Cathyleen,Wattenberg,Cathyleen.Wattenberg@yopmail.com,Cathyleen.Wattenberg@gmail.com,developer
107,Dode,Karna,Dode.Karna@yopmail.com,Dode.Karna@gmail.com,police officer
108,Lauryn,Raseda,Lauryn.Raseda@yopmail.com,Lauryn.Raseda@gmail.com,police officer
109,Blondelle,Roche,Blondelle.Roche@yopmail.com,Blondelle.Roche@gmail.com,worker
110,Ericka,Heidt,Ericka.Heidt@yopmail.com,Ericka.Heidt@gmail.com,firefighter
111,Dania,Earlie,Dania.Earlie@yopmail.com,Dania.Earlie@gmail.com,worker
112,Karlee,Roarke,Karlee.Roarke@yopmail.com,Karlee.Roarke@gmail.com,police officer
113,Jordan,Cottle,Jordan.Cottle@yopmail.com,Jordan.Cottle@gmail.com,developer
114,Demetris,Nunci,Demetris.Nunci@yopmail.com,Demetris.Nunci@gmail.com,firefighter
115,Leona,Weide,Leona.Weide@yopmail.com,Leona.Weide@gmail.com,worker
116,Renae,Kenney,Renae.Kenney@yopmail.com,Renae.Kenney@gmail.com,developer
117,Olivette,Calhoun,Olivette.Calhoun@yopmail.com,Olivette.Calhoun@gmail.com,worker
118,Cherilyn,Pitt,Cherilyn.Pitt@yopmail.com,Cherilyn.Pitt@gmail.com,firefighter
119,Mamie,Anselmi,Mamie.Anselmi@yopmail.com,Mamie.Anselmi@gmail.com,police officer
120,Tierney,Roumell,Tierney.Roumell@yopmail.com,Tierney.Roumell@gmail.com,doctor
121,Anica,Lauraine,Anica.Lauraine@yopmail.com,Anica.Lauraine@gmail.com,firefighter
122,Ofilia,Hermes,Ofilia.Hermes@yopmail.com,Ofilia.Hermes@gmail.com,doctor
123,Berta,Keelia,Berta.Keelia@yopmail.com,Berta.Keelia@gmail.com,police officer
124,Sam,Buffum,Sam.Buffum@yopmail.com,Sam.Buffum@gmail.com,developer
125,Doralynne,Eliathas,Doralynne.Eliathas@yopmail.com,Doralynne.Eliathas@gmail.com,developer
126,Annecorinne,O'Carroll,Annecorinne.O'Carroll@yopmail.com,Annecorinne.O'Carroll@gmail.com,firefighter
127,Noelle,Honoria,Noelle.Honoria@yopmail.com,Noelle.Honoria@gmail.com,firefighter
128,Anica,Syd,Anica.Syd@yopmail.com,Anica.Syd@gmail.com,police officer
129,Flo,Durante,Flo.Durante@yopmail.com,Flo.Durante@gmail.com,doctor
130,Loree,Emmy,Loree.Emmy@yopmail.com,Loree.Emmy@gmail.com,firefighter
131,Karly,Dannye,Karly.Dannye@yopmail.com,Karly.Dannye@gmail.com,developer
132,Fidelia,Lytton,Fidelia.Lytton@yopmail.com,Fidelia.Lytton@gmail.com,developer
133,Cindelyn,Idelia,Cindelyn.Idelia@yopmail.com,Cindelyn.Idelia@gmail.com,doctor
134,Nariko,McNully,Nariko.McNully@yopmail.com,Nariko.McNully@gmail.com,worker
135,Estell,Marlie,Estell.Marlie@yopmail.com,Estell.Marlie@gmail.com,doctor
136,Ruthe,Judye,Ruthe.Judye@yopmail.com,Ruthe.Judye@gmail.com,firefighter
137,Correy,Alwin,Correy.Alwin@yopmail.com,Correy.Alwin@gmail.com,police officer
138,Lanae,Dawkins,Lanae.Dawkins@yopmail.com,Lanae.Dawkins@gmail.com,doctor
139,Kayla,Moina,Kayla.Moina@yopmail.com,Kayla.Moina@gmail.com,firefighter
140,Rochette,Ortrude,Rochette.Ortrude@yopmail.com,Rochette.Ortrude@gmail.com,worker
141,Annice,Gladstone,Annice.Gladstone@yopmail.com,Annice.Gladstone@gmail.com,doctor
142,Gui,Howlyn,Gui.Howlyn@yopmail.com,Gui.Howlyn@gmail.com,developer
143,Tera,Kiyoshi,Tera.Kiyoshi@yopmail.com,Tera.Kiyoshi@gmail.com,police officer
144,Korrie,Clywd,Korrie.Clywd@yopmail.com,Korrie.Clywd@gmail.com,police officer
145,Aimil,Hurley,Aimil.Hurley@yopmail.com,Aimil.Hurley@gmail.com,doctor
146,Brandise,Damarra,Brandise.Damarra@yopmail.com,Brandise.Damarra@gmail.com,police officer
147,Amii,Jorgan,Amii.Jorgan@yopmail.com,Amii.Jorgan@gmail.com,police officer
148,Farrah,Wattenberg,Farrah.Wattenberg@yopmail.com,Farrah.Wattenberg@gmail.com,developer
149,Larine,Marijo,Larine.Marijo@yopmail.com,Larine.Marijo@gmail.com,developer
150,Odessa,Pandolfi,Odessa.Pandolfi@yopmail.com,Odessa.Pandolfi@gmail.com,developer
151,Lulita,Dahlia,Lulita.Dahlia@yopmail.com,Lulita.Dahlia@gmail.com,worker
152,Donetta,Hilbert,Donetta.Hilbert@yopmail.com,Donetta.Hilbert@gmail.com,doctor
153,Emelina,Croix,Emelina.Croix@yopmail.com,Emelina.Croix@gmail.com,worker
154,Amelia,Chinua,Amelia.Chinua@yopmail.com,Amelia.Chinua@gmail.com,firefighter
155,Raf,Koehler,Raf.Koehler@yopmail.com,Raf.Koehler@gmail.com,developer
156,Sharai,Gordon,Sharai.Gordon@yopmail.com,Sharai.Gordon@gmail.com,doctor
157,Rayna,Harday,Rayna.Harday@yopmail.com,Rayna.Harday@gmail.com,worker
158,Mady,Even,Mady.Even@yopmail.com,Mady.Even@gmail.com,firefighter
159,Aeriela,Hull,Aeriela.Hull@yopmail.com,Aeriela.Hull@gmail.com,worker
160,Tressa,Ochs,Tressa.Ochs@yopmail.com,Tressa.Ochs@gmail.com,worker
161,Joceline,Lorain,Joceline.Lorain@yopmail.com,Joceline.Lorain@gmail.com,firefighter
162,Mariann,Zina,Mariann.Zina@yopmail.com,Mariann.Zina@gmail.com,doctor
163,Belva,Eachern,Belva.Eachern@yopmail.com,Belva.Eachern@gmail.com,firefighter
164,Leontine,Geffner,Leontine.Geffner@yopmail.com,Leontine.Geffner@gmail.com,developer
165,Flory,Kronfeld,Flory.Kronfeld@yopmail.com,Flory.Kronfeld@gmail.com,worker
166,Gale,Alwin,Gale.Alwin@yopmail.com,Gale.Alwin@gmail.com,firefighter
167,Mureil,Flita,Mureil.Flita@yopmail.com,Mureil.Flita@gmail.com,doctor
168,Bibby,Curren,Bibby.Curren@yopmail.com,Bibby.Curren@gmail.com,doctor
169,Minne,Kaete,Minne.Kaete@yopmail.com,Minne.Kaete@gmail.com,doctor
170,Pierette,Ambrosia,Pierette.Ambrosia@yopmail.com,Pierette.Ambrosia@gmail.com,firefighter
171,Tilly,Ranjiv,Tilly.Ranjiv@yopmail.com,Tilly.Ranjiv@gmail.com,worker
172,Imojean,Liva,Imojean.Liva@yopmail.com,Imojean.Liva@gmail.com,firefighter
173,Deedee,Stanwood,Deedee.Stanwood@yopmail.com,Deedee.Stanwood@gmail.com,doctor
174,Lenna,Sikorski,Lenna.Sikorski@yopmail.com,Lenna.Sikorski@gmail.com,firefighter
175,Valeda,Nicoline,Valeda.Nicoline@yopmail.com,Valeda.Nicoline@gmail.com,doctor
176,Heida,Klotz,Heida.Klotz@yopmail.com,Heida.Klotz@gmail.com,doctor
177,Chickie,Franza,Chickie.Franza@yopmail.com,Chickie.Franza@gmail.com,firefighter
178,Candy,Constancy,Candy.Constancy@yopmail.com,Candy.Constancy@gmail.com,developer
179,Charissa,Lorenz,Charissa.Lorenz@yopmail.com,Charissa.Lorenz@gmail.com,firefighter
180,Ariela,Capello,Ariela.Capello@yopmail.com,Ariela.Capello@gmail.com,worker
181,Hannis,Hirsch,Hannis.Hirsch@yopmail.com,Hannis.Hirsch@gmail.com,doctor
182,Debee,Bonilla,Debee.Bonilla@yopmail.com,Debee.Bonilla@gmail.com,developer
183,Kamilah,Hoban,Kamilah.Hoban@yopmail.com,Kamilah.Hoban@gmail.com,firefighter
184,Florie,Guthrie,Florie.Guthrie@yopmail.com,Florie.Guthrie@gmail.com,worker
185,Renie,Maisey,Renie.Maisey@yopmail.com,Renie.Maisey@gmail.com,doctor
186,Leanna,Birdella,Leanna.Birdella@yopmail.com,Leanna.Birdella@gmail.com,worker
187,Etta,Giule,Etta.Giule@yopmail.com,Etta.Giule@gmail.com,police officer
188,Jean,Dituri,Jean.Dituri@yopmail.com,Jean.Dituri@gmail.com,firefighter
189,Siana,Mayeda,Siana.Mayeda@yopmail.com,Siana.Mayeda@gmail.com,doctor
190,Chickie,Manolo,Chickie.Manolo@yopmail.com,Chickie.Manolo@gmail.com,firefighter
191,Alexine,Tybald,Alexine.Tybald@yopmail.com,Alexine.Tybald@gmail.com,developer
192,Romona,Xerxes,Romona.Xerxes@yopmail.com,Romona.Xerxes@gmail.com,firefighter
193,Queenie,Callista,Queenie.Callista@yopmail.com,Queenie.Callista@gmail.com,worker
194,Brianna,Stanwood,Brianna.Stanwood@yopmail.com,Brianna.Stanwood@gmail.com,firefighter
195,Kaia,Velick,Kaia.Velick@yopmail.com,Kaia.Velick@gmail.com,doctor
196,Courtnay,Jalbert,Courtnay.Jalbert@yopmail.com,Courtnay.Jalbert@gmail.com,worker
197,Dulce,Chapland,Dulce.Chapland@yopmail.com,Dulce.Chapland@gmail.com,developer
198,Dione,Irmine,Dione.Irmine@yopmail.com,Dione.Irmine@gmail.com,worker
199,Hayley,O'Neill,Hayley.O'Neill@yopmail.com,Hayley.O'Neill@gmail.com,firefighter
200,Goldie,Pyle,Goldie.Pyle@yopmail.com,Goldie.Pyle@gmail.com,doctor
201,Natka,Etom,Natka.Etom@yopmail.com,Natka.Etom@gmail.com,firefighter
202,Antonietta,Naor,Antonietta.Naor@yopmail.com,Antonietta.Naor@gmail.com,developer
203,Pollyanna,Reidar,Pollyanna.Reidar@yopmail.com,Pollyanna.Reidar@gmail.com,worker
204,Eve,Garek,Eve.Garek@yopmail.com,Eve.Garek@gmail.com,worker
205,Rosaline,Ferrell,Rosaline.Ferrell@yopmail.com,Rosaline.Ferrell@gmail.com,worker
206,Merci,Raseda,Merci.Raseda@yopmail.com,Merci.Raseda@gmail.com,worker
207,Verla,Alisia,Verla.Alisia@yopmail.com,Verla.Alisia@gmail.com,firefighter
208,Robinia,Corilla,Robinia.Corilla@yopmail.com,Robinia.Corilla@gmail.com,firefighter
209,Celisse,Minetta,Celisse.Minetta@yopmail.com,Celisse.Minetta@gmail.com,developer
210,Britni,Yoko,Britni.Yoko@yopmail.com,Britni.Yoko@gmail.com,firefighter
211,Kore,Chrystel,Kore.Chrystel@yopmail.com,Kore.Chrystel@gmail.com,firefighter
212,Meriel,Wenoa,Meriel.Wenoa@yopmail.com,Meriel.Wenoa@gmail.com,developer
213,Ira,Oneida,Ira.Oneida@yopmail.com,Ira.Oneida@gmail.com,worker
214,Kaia,Goddard,Kaia.Goddard@yopmail.com,Kaia.Goddard@gmail.com,developer
215,Kerrin,Ashely,Kerrin.Ashely@yopmail.com,Kerrin.Ashely@gmail.com,worker
216,Stacey,Alcott,Stacey.Alcott@yopmail.com,Stacey.Alcott@gmail.com,police officer
217,Merrie,Georgy,Merrie.Georgy@yopmail.com,Merrie.Georgy@gmail.com,firefighter
218,Gwenneth,Bergman,Gwenneth.Bergman@yopmail.com,Gwenneth.Bergman@gmail.com,developer
219,Kenna,Dreda,Kenna.Dreda@yopmail.com,Kenna.Dreda@gmail.com,doctor
220,Minda,Roscoe,Minda.Roscoe@yopmail.com,Minda.Roscoe@gmail.com,developer
221,Carol-Jean,Zeeba,Carol-Jean.Zeeba@yopmail.com,Carol-Jean.Zeeba@gmail.com,firefighter
222,Kayla,Delacourt,Kayla.Delacourt@yopmail.com,Kayla.Delacourt@gmail.com,worker
223,Kirstin,Lanita,Kirstin.Lanita@yopmail.com,Kirstin.Lanita@gmail.com,police officer
224,Jasmina,Seumas,Jasmina.Seumas@yopmail.com,Jasmina.Seumas@gmail.com,doctor
225,Yvonne,Colbert,Yvonne.Colbert@yopmail.com,Yvonne.Colbert@gmail.com,firefighter
226,Brandise,Ackerley,Brandise.Ackerley@yopmail.com,Brandise.Ackerley@gmail.com,worker
227,Suzette,Oneida,Suzette.Oneida@yopmail.com,Suzette.Oneida@gmail.com,doctor
228,Josephine,Swigart,Josephine.Swigart@yopmail.com,Josephine.Swigart@gmail.com,developer
229,Tersina,Ailyn,Tersina.Ailyn@yopmail.com,Tersina.Ailyn@gmail.com,doctor
230,Kial,Kannry,Kial.Kannry@yopmail.com,Kial.Kannry@gmail.com,worker
231,Ivett,Christal,Ivett.Christal@yopmail.com,Ivett.Christal@gmail.com,worker
232,Constance,Sherrie,Constance.Sherrie@yopmail.com,Constance.Sherrie@gmail.com,developer
233,Kaja,Weinreb,Kaja.Weinreb@yopmail.com,Kaja.Weinreb@gmail.com,police officer
234,Chastity,Dorine,Chastity.Dorine@yopmail.com,Chastity.Dorine@gmail.com,developer
235,Kirbee,Wareing,Kirbee.Wareing@yopmail.com,Kirbee.Wareing@gmail.com,worker
236,Marcelline,Norvol,Marcelline.Norvol@yopmail.com,Marcelline.Norvol@gmail.com,firefighter
237,Doralynne,Jaylene,Doralynne.Jaylene@yopmail.com,Doralynne.Jaylene@gmail.com,doctor
238,Rosabelle,Thema,Rosabelle.Thema@yopmail.com,Rosabelle.Thema@gmail.com,worker
239,Cherrita,Craggie,Cherrita.Craggie@yopmail.com,Cherrita.Craggie@gmail.com,worker
240,Maridel,Cavan,Maridel.Cavan@yopmail.com,Maridel.Cavan@gmail.com,developer
241,Dotty,Love,Dotty.Love@yopmail.com,Dotty.Love@gmail.com,developer
242,Binny,Ioab,Binny.Ioab@yopmail.com,Binny.Ioab@gmail.com,firefighter
243,Adelle,Serilda,Adelle.Serilda@yopmail.com,Adelle.Serilda@gmail.com,developer
244,Rozele,Giule,Rozele.Giule@yopmail.com,Rozele.Giule@gmail.com,firefighter
245,Fawne,Friede,Fawne.Friede@yopmail.com,Fawne.Friede@gmail.com,worker
246,Gloria,Maples,Gloria.Maples@yopmail.com,Gloria.Maples@gmail.com,doctor
247,Elie,Cloris,Elie.Cloris@yopmail.com,Elie.Cloris@gmail.com,police officer
248,Monika,Gino,Monika.Gino@yopmail.com,Monika.Gino@gmail.com,worker
249,Almeta,Longfellow,Almeta.Longfellow@yopmail.com,Almeta.Longfellow@gmail.com,firefighter
250,Dorothy,Maiah,Dorothy.Maiah@yopmail.com,Dorothy.Maiah@gmail.com,developer
251,Kathi,Greenwald,Kathi.Greenwald@yopmail.com,Kathi.Greenwald@gmail.com,police officer
252,Jordan,Ethban,Jordan.Ethban@yopmail.com,Jordan.Ethban@gmail.com,doctor
253,Netty,Cherianne,Netty.Cherianne@yopmail.com,Netty.Cherianne@gmail.com,developer
254,Talya,Olnee,Talya.Olnee@yopmail.com,Talya.Olnee@gmail.com,worker
255,Berget,Shields,Berget.Shields@yopmail.com,Berget.Shields@gmail.com,police officer
256,Averyl,Zeeba,Averyl.Zeeba@yopmail.com,Averyl.Zeeba@gmail.com,worker
257,Anallese,Kaete,Anallese.Kaete@yopmail.com,Anallese.Kaete@gmail.com,doctor
258,Sharlene,Clie,Sharlene.Clie@yopmail.com,Sharlene.Clie@gmail.com,developer
259,Ofilia,Dorcy,Ofilia.Dorcy@yopmail.com,Ofilia.Dorcy@gmail.com,worker
260,Roz,Ajay,Roz.Ajay@yopmail.com,Roz.Ajay@gmail.com,firefighter
261,Mellicent,Baylor,Mellicent.Baylor@yopmail.com,Mellicent.Baylor@gmail.com,doctor
262,Rubie,Hailee,Rubie.Hailee@yopmail.com,Rubie.Hailee@gmail.com,worker
263,Donetta,Chrystel,Donetta.Chrystel@yopmail.com,Donetta.Chrystel@gmail.com,developer
264,Julieta,Anderea,Julieta.Anderea@yopmail.com,Julieta.Anderea@gmail.com,doctor
265,Karina,Lubin,Karina.Lubin@yopmail.com,Karina.Lubin@gmail.com,doctor
266,Janey,Raul,Janey.Raul@yopmail.com,Janey.Raul@gmail.com,developer
267,Roz,Alva,Roz.Alva@yopmail.com,Roz.Alva@gmail.com,developer
268,Cathie,Bandeen,Cathie.Bandeen@yopmail.com,Cathie.Bandeen@gmail.com,doctor
269,Sandie,Lanita,Sandie.Lanita@yopmail.com,Sandie.Lanita@gmail.com,developer
270,Ninnetta,Melan,Ninnetta.Melan@yopmail.com,Ninnetta.Melan@gmail.com,police officer
271,Marjie,Warthman,Marjie.Warthman@yopmail.com,Marjie.Warthman@gmail.com,developer
272,Deloria,Fiester,Deloria.Fiester@yopmail.com,Deloria.Fiester@gmail.com,firefighter
273,Leanna,Drisko,Leanna.Drisko@yopmail.com,Leanna.Drisko@gmail.com,police officer
274,Shaine,Beniamino,Shaine.Beniamino@yopmail.com,Shaine.Beniamino@gmail.com,police officer
275,Lenna,Hebner,Lenna.Hebner@yopmail.com,Lenna.Hebner@gmail.com,firefighter
276,Margalo,Barney,Margalo.Barney@yopmail.com,Margalo.Barney@gmail.com,doctor
277,Florencia,Connelly,Florencia.Connelly@yopmail.com,Florencia.Connelly@gmail.com,doctor
278,Blondelle,Prouty,Blondelle.Prouty@yopmail.com,Blondelle.Prouty@gmail.com,doctor
279,Jessy,Anderea,Jessy.Anderea@yopmail.com,Jessy.Anderea@gmail.com,firefighter
280,Anallese,Etom,Anallese.Etom@yopmail.com,Anallese.Etom@gmail.com,police officer
281,Gaylene,Vorster,Gaylene.Vorster@yopmail.com,Gaylene.Vorster@gmail.com,police officer
282,Hallie,Burkle,Hallie.Burkle@yopmail.com,Hallie.Burkle@gmail.com,developer
283,Dorothy,Deny,Dorothy.Deny@yopmail.com,Dorothy.Deny@gmail.com,doctor
284,Merci,Herrera,Merci.Herrera@yopmail.com,Merci.Herrera@gmail.com,firefighter
285,Abbie,Leonard,Abbie.Leonard@yopmail.com,Abbie.Leonard@gmail.com,worker
286,Genovera,Avi,Genovera.Avi@yopmail.com,Genovera.Avi@gmail.com,firefighter
287,Penelopa,Barbey,Penelopa.Barbey@yopmail.com,Penelopa.Barbey@gmail.com,developer
288,Tani,Erskine,Tani.Erskine@yopmail.com,Tani.Erskine@gmail.com,firefighter
289,Harrietta,Silvan,Harrietta.Silvan@yopmail.com,Harrietta.Silvan@gmail.com,doctor
290,Joy,Earlie,Joy.Earlie@yopmail.com,Joy.Earlie@gmail.com,developer
291,Janey,Ashely,Janey.Ashely@yopmail.com,Janey.Ashely@gmail.com,worker
292,Gretal,Schenck,Gretal.Schenck@yopmail.com,Gretal.Schenck@gmail.com,developer
293,Josephine,Braun,Josephine.Braun@yopmail.com,Josephine.Braun@gmail.com,police officer
294,Lorne,Trey,Lorne.Trey@yopmail.com,Lorne.Trey@gmail.com,developer
295,Shel,Infield,Shel.Infield@yopmail.com,Shel.Infield@gmail.com,doctor
296,Belva,Kannry,Belva.Kannry@yopmail.com,Belva.Kannry@gmail.com,firefighter
297,Eugine,Carvey,Eugine.Carvey@yopmail.com,Eugine.Carvey@gmail.com,developer
298,Magdalena,Connelly,Magdalena.Connelly@yopmail.com,Magdalena.Connelly@gmail.com,doctor
299,Flory,Artie,Flory.Artie@yopmail.com,Flory.Artie@gmail.com,police officer
300,Emmey,Frodi,Emmey.Frodi@yopmail.com,Emmey.Frodi@gmail.com,police officer
301,Lucille,Bethany,Lucille.Bethany@yopmail.com,Lucille.Bethany@gmail.com,doctor
302,Adelle,Glenden,Adelle.Glenden@yopmail.com,Adelle.Glenden@gmail.com,doctor
303,Laure,Gillan,Laure.Gillan@yopmail.com,Laure.Gillan@gmail.com,police officer
304,Sam,Ventre,Sam.Ventre@yopmail.com,Sam.Ventre@gmail.com,worker
305,Adele,Cyrie,Adele.Cyrie@yopmail.com,Adele.Cyrie@gmail.com,developer
306,Andeee,Concha,Andeee.Concha@yopmail.com,Andeee.Concha@gmail.com,doctor
307,Layla,Melan,Layla.Melan@yopmail.com,Layla.Melan@gmail.com,police officer
308,Jessy,Belanger,Jessy.Belanger@yopmail.com,Jessy.Belanger@gmail.com,firefighter
309,Sue,Durante,Sue.Durante@yopmail.com,Sue.Durante@gmail.com,developer
310,Elie,Peonir,Elie.Peonir@yopmail.com,Elie.Peonir@gmail.com,firefighter
311,Madelle,Baudin,Madelle.Baudin@yopmail.com,Madelle.Baudin@gmail.com,worker
312,Emmey,Kirbee,Emmey.Kirbee@yopmail.com,Emmey.Kirbee@gmail.com,developer
313,Gusella,Kristi,Gusella.Kristi@yopmail.com,Gusella.Kristi@gmail.com,firefighter
314,Penelopa,Mathilde,Penelopa.Mathilde@yopmail.com,Penelopa.Mathilde@gmail.com,police officer
315,Kittie,Standing,Kittie.Standing@yopmail.com,Kittie.Standing@gmail.com,developer
316,Randa,Haerr,Randa.Haerr@yopmail.com,Randa.Haerr@gmail.com,police officer
317,Gloria,Nikaniki,Gloria.Nikaniki@yopmail.com,Gloria.Nikaniki@gmail.com,developer
318,June,Quent,June.Quent@yopmail.com,June.Quent@gmail.com,worker
319,Dolli,Lattie,Dolli.Lattie@yopmail.com,Dolli.Lattie@gmail.com,worker
320,Grier,Justinn,Grier.Justinn@yopmail.com,Grier.Justinn@gmail.com,police officer
321,Larine,Lorain,Larine.Lorain@yopmail.com,Larine.Lorain@gmail.com,firefighter
322,Florie,Reidar,Florie.Reidar@yopmail.com,Florie.Reidar@gmail.com,worker
323,Deirdre,Ammann,Deirdre.Ammann@yopmail.com,Deirdre.Ammann@gmail.com,worker
324,Corly,Shama,Corly.Shama@yopmail.com,Corly.Shama@gmail.com,doctor
325,Nickie,Smitt,Nickie.Smitt@yopmail.com,Nickie.Smitt@gmail.com,worker
326,Beverley,Esmaria,Beverley.Esmaria@yopmail.com,Beverley.Esmaria@gmail.com,police officer
327,Alejandra,Fairweather,Alejandra.Fairweather@yopmail.com,Alejandra.Fairweather@gmail.com,worker
328,Coral,Warthman,Coral.Warthman@yopmail.com,Coral.Warthman@gmail.com,firefighter
329,Arabel,Pascia,Arabel.Pascia@yopmail.com,Arabel.Pascia@gmail.com,doctor
330,Tatiania,Granoff,Tatiania.Granoff@yopmail.com,Tatiania.Granoff@gmail.com,firefighter
331,Hettie,Fitzsimmons,Hettie.Fitzsimmons@yopmail.com,Hettie.Fitzsimmons@gmail.com,police officer
332,Katleen,Rozanna,Katleen.Rozanna@yopmail.com,Katleen.Rozanna@gmail.com,developer
333,Minne,Robertson,Minne.Robertson@yopmail.com,Minne.Robertson@gmail.com,doctor
334,Joelly,Merriott,Joelly.Merriott@yopmail.com,Joelly.Merriott@gmail.com,police officer
335,Adore,Jerald,Adore.Jerald@yopmail.com,Adore.Jerald@gmail.com,police officer
336,Miquela,Blake,Miquela.Blake@yopmail.com,Miquela.Blake@gmail.com,doctor
337,Dorthy,Kosey,Dorthy.Kosey@yopmail.com,Dorthy.Kosey@gmail.com,doctor
338,Damaris,Terencio,Damaris.Terencio@yopmail.com,Damaris.Terencio@gmail.com,doctor
339,Charissa,Erlandson,Charissa.Erlandson@yopmail.com,Charissa.Erlandson@gmail.com,worker
340,Ginnie,Danby,Ginnie.Danby@yopmail.com,Ginnie.Danby@gmail.com,firefighter
341,Quintina,Hermes,Quintina.Hermes@yopmail.com,Quintina.Hermes@gmail.com,worker
342,Jeanna,Kelula,Jeanna.Kelula@yopmail.com,Jeanna.Kelula@gmail.com,firefighter
343,Wileen,Jagir,Wileen.Jagir@yopmail.com,Wileen.Jagir@gmail.com,worker
344,Fredericka,Cimbura,Fredericka.Cimbura@yopmail.com,Fredericka.Cimbura@gmail.com,firefighter
345,Yolane,Pulsifer,Yolane.Pulsifer@yopmail.com,Yolane.Pulsifer@gmail.com,police officer
346,Hope,Othilia,Hope.Othilia@yopmail.com,Hope.Othilia@gmail.com,doctor
347,Gaylene,Lutero,Gaylene.Lutero@yopmail.com,Gaylene.Lutero@gmail.com,firefighter
348,Lizzie,Carolin,Lizzie.Carolin@yopmail.com,Lizzie.Carolin@gmail.com,police officer
349,Damaris,Warthman,Damaris.Warthman@yopmail.com,Damaris.Warthman@gmail.com,worker
350,Marti,Loeb,Marti.Loeb@yopmail.com,Marti.Loeb@gmail.com,worker
351,Gilligan,Ingra,Gilligan.Ingra@yopmail.com,Gilligan.Ingra@gmail.com,firefighter
352,Amii,Bollay,Amii.Bollay@yopmail.com,Amii.Bollay@gmail.com,firefighter
353,Di,Maples,Di.Maples@yopmail.com,Di.Maples@gmail.com,developer
354,Jillayne,Riordan,Jillayne.Riordan@yopmail.com,Jillayne.Riordan@gmail.com,developer
355,Arlena,Macey,Arlena.Macey@yopmail.com,Arlena.Macey@gmail.com,firefighter
356,Corly,Korey,Corly.Korey@yopmail.com,Corly.Korey@gmail.com,worker
357,Ira,Nea,Ira.Nea@yopmail.com,Ira.Nea@gmail.com,police officer
358,Kirbee,Poll,Kirbee.Poll@yopmail.com,Kirbee.Poll@gmail.com,doctor
359,Janenna,Marden,Janenna.Marden@yopmail.com,Janenna.Marden@gmail.com,worker
360,Aeriela,Iaverne,Aeriela.Iaverne@yopmail.com,Aeriela.Iaverne@gmail.com,developer
361,Janenna,Cohdwell,Janenna.Cohdwell@yopmail.com,Janenna.Cohdwell@gmail.com,worker
362,Ayn,Thornburg,Ayn.Thornburg@yopmail.com,Ayn.Thornburg@gmail.com,firefighter
363,Lory,Wesle,Lory.Wesle@yopmail.com,Lory.Wesle@gmail.com,doctor
364,Suzette,Boycey,Suzette.Boycey@yopmail.com,Suzette.Boycey@gmail.com,police officer
365,Nikki,Natica,Nikki.Natica@yopmail.com,Nikki.Natica@gmail.com,worker
366,Dede,Yerkovich,Dede.Yerkovich@yopmail.com,Dede.Yerkovich@gmail.com,developer
367,Allis,Belanger,Allis.Belanger@yopmail.com,Allis.Belanger@gmail.com,developer
368,Katharina,Leler,Katharina.Leler@yopmail.com,Katharina.Leler@gmail.com,worker
369,Gertrud,Rooney,Gertrud.Rooney@yopmail.com,Gertrud.Rooney@gmail.com,firefighter
370,Concettina,Bivins,Concettina.Bivins@yopmail.com,Concettina.Bivins@gmail.com,developer
371,Gabriellia,Berard,Gabriellia.Berard@yopmail.com,Gabriellia.Berard@gmail.com,police officer
372,Collen,Catie,Collen.Catie@yopmail.com,Collen.Catie@gmail.com,police officer
373,Kirstin,Yorick,Kirstin.Yorick@yopmail.com,Kirstin.Yorick@gmail.com,police officer
374,Larine,Margarete,Larine.Margarete@yopmail.com,Larine.Margarete@gmail.com,police officer
375,Alex,Liebermann,Alex.Liebermann@yopmail.com,Alex.Liebermann@gmail.com,firefighter
376,Susette,Kiersten,Susette.Kiersten@yopmail.com,Susette.Kiersten@gmail.com,police officer
377,Dyann,Alexandr,Dyann.Alexandr@yopmail.com,Dyann.Alexandr@gmail.com,developer
378,Asia,Jotham,Asia.Jotham@yopmail.com,Asia.Jotham@gmail.com,police officer
379,Karly,Si,Karly.Si@yopmail.com,Karly.Si@gmail.com,developer
380,Penelopa,Edison,Penelopa.Edison@yopmail.com,Penelopa.Edison@gmail.com,doctor
381,Nerta,Shields,Nerta.Shields@yopmail.com,Nerta.Shields@gmail.com,doctor
382,Jeanna,Nikaniki,Jeanna.Nikaniki@yopmail.com,Jeanna.Nikaniki@gmail.com,worker
383,Christian,Gower,Christian.Gower@yopmail.com,Christian.Gower@gmail.com,firefighter
384,Tatiania,Bohlin,Tatiania.Bohlin@yopmail.com,Tatiania.Bohlin@gmail.com,doctor
385,Noelle,Madox,Noelle.Madox@yopmail.com,Noelle.Madox@gmail.com,police officer
386,Ottilie,Kosey,Ottilie.Kosey@yopmail.com,Ottilie.Kosey@gmail.com,developer
387,Alleen,Kiyoshi,Alleen.Kiyoshi@yopmail.com,Alleen.Kiyoshi@gmail.com,police officer
388,Philis,Seessel,Philis.Seessel@yopmail.com,Philis.Seessel@gmail.com,doctor
389,Corry,Lauraine,Corry.Lauraine@yopmail.com,Corry.Lauraine@gmail.com,firefighter
390,Tani,Grayce,Tani.Grayce@yopmail.com,Tani.Grayce@gmail.com,worker
391,Olwen,MacIntosh,Olwen.MacIntosh@yopmail.com,Olwen.MacIntosh@gmail.com,police officer
392,Kathy,Travax,Kathy.Travax@yopmail.com,Kathy.Travax@gmail.com,doctor
393,Clo,Nore,Clo.Nore@yopmail.com,Clo.Nore@gmail.com,police officer
394,Viviene,Constancy,Viviene.Constancy@yopmail.com,Viviene.Constancy@gmail.com,firefighter
395,Ivett,Barrus,Ivett.Barrus@yopmail.com,Ivett.Barrus@gmail.com,doctor
396,Netty,Dosia,Netty.Dosia@yopmail.com,Netty.Dosia@gmail.com,developer
397,Correy,Sothena,Correy.Sothena@yopmail.com,Correy.Sothena@gmail.com,doctor
398,Mariele,Sheng,Mariele.Sheng@yopmail.com,Mariele.Sheng@gmail.com,worker
399,Bibby,Levey,Bibby.Levey@yopmail.com,Bibby.Levey@gmail.com,doctor
400,Dawn,Naashom,Dawn.Naashom@yopmail.com,Dawn.Naashom@gmail.com,police officer
401,Linet,Klotz,Linet.Klotz@yopmail.com,Linet.Klotz@gmail.com,police officer
402,Jeanna,Cassius,Jeanna.Cassius@yopmail.com,Jeanna.Cassius@gmail.com,worker
403,Ketti,Luhe,Ketti.Luhe@yopmail.com,Ketti.Luhe@gmail.com,police officer
404,Siana,Naor,Siana.Naor@yopmail.com,Siana.Naor@gmail.com,police officer
405,Blondelle,Michella,Blondelle.Michella@yopmail.com,Blondelle.Michella@gmail.com,doctor
406,Mady,Cherianne,Mady.Cherianne@yopmail.com,Mady.Cherianne@gmail.com,doctor
407,Xylina,Huggins,Xylina.Huggins@yopmail.com,Xylina.Huggins@gmail.com,worker
408,Basia,Abram,Basia.Abram@yopmail.com,Basia.Abram@gmail.com,worker
409,Karena,Felecia,Karena.Felecia@yopmail.com,Karena.Felecia@gmail.com,firefighter
410,Allyce,Barrus,Allyce.Barrus@yopmail.com,Allyce.Barrus@gmail.com,developer
411,Lolita,Ramona,Lolita.Ramona@yopmail.com,Lolita.Ramona@gmail.com,developer
412,Renae,Lia,Renae.Lia@yopmail.com,Renae.Lia@gmail.com,developer
413,Jaclyn,Ietta,Jaclyn.Ietta@yopmail.com,Jaclyn.Ietta@gmail.com,worker
414,Ezmeralda,Angelis,Ezmeralda.Angelis@yopmail.com,Ezmeralda.Angelis@gmail.com,firefighter
415,Therine,Hertzfeld,Therine.Hertzfeld@yopmail.com,Therine.Hertzfeld@gmail.com,police officer
416,Kassey,Merriott,Kassey.Merriott@yopmail.com,Kassey.Merriott@gmail.com,worker
417,Angela,Newell,Angela.Newell@yopmail.com,Angela.Newell@gmail.com,developer
418,Henriette,Vastah,Henriette.Vastah@yopmail.com,Henriette.Vastah@gmail.com,firefighter
419,Sara-Ann,Auberbach,Sara-Ann.Auberbach@yopmail.com,Sara-Ann.Auberbach@gmail.com,police officer
420,Max,Calhoun,Max.Calhoun@yopmail.com,Max.Calhoun@gmail.com,firefighter
421,Leia,Claudine,Leia.Claudine@yopmail.com,Leia.Claudine@gmail.com,worker
422,Janenna,Narton,Janenna.Narton@yopmail.com,Janenna.Narton@gmail.com,firefighter
423,Hayley,Avi,Hayley.Avi@yopmail.com,Hayley.Avi@gmail.com,firefighter
424,Di,Whittaker,Di.Whittaker@yopmail.com,Di.Whittaker@gmail.com,doctor
425,Magdalena,Hessler,Magdalena.Hessler@yopmail.com,Magdalena.Hessler@gmail.com,developer
426,Consuela,Rurik,Consuela.Rurik@yopmail.com,Consuela.Rurik@gmail.com,developer
427,Daphne,Leifeste,Daphne.Leifeste@yopmail.com,Daphne.Leifeste@gmail.com,firefighter
428,Aurore,Casimir,Aurore.Casimir@yopmail.com,Aurore.Casimir@gmail.com,worker
429,Sashenka,Arley,Sashenka.Arley@yopmail.com,Sashenka.Arley@gmail.com,firefighter
430,Lily,Katrine,Lily.Katrine@yopmail.com,Lily.Katrine@gmail.com,worker
431,Raina,Hylan,Raina.Hylan@yopmail.com,Raina.Hylan@gmail.com,doctor
432,Charmaine,Edvard,Charmaine.Edvard@yopmail.com,Charmaine.Edvard@gmail.com,doctor
433,Berget,Kelula,Berget.Kelula@yopmail.com,Berget.Kelula@gmail.com,worker
434,Anica,Berl,Anica.Berl@yopmail.com,Anica.Berl@gmail.com,police officer
435,Halette,Imelida,Halette.Imelida@yopmail.com,Halette.Imelida@gmail.com,developer
436,Elmira,Leffen,Elmira.Leffen@yopmail.com,Elmira.Leffen@gmail.com,developer
437,Trudie,Torray,Trudie.Torray@yopmail.com,Trudie.Torray@gmail.com,police officer
438,Kittie,Dichy,Kittie.Dichy@yopmail.com,Kittie.Dichy@gmail.com,doctor
439,Althea,Mauer,Althea.Mauer@yopmail.com,Althea.Mauer@gmail.com,worker
440,Linzy,Pettiford,Linzy.Pettiford@yopmail.com,Linzy.Pettiford@gmail.com,worker
441,Averyl,Bord,Averyl.Bord@yopmail.com,Averyl.Bord@gmail.com,doctor
442,Carmencita,Lesley,Carmencita.Lesley@yopmail.com,Carmencita.Lesley@gmail.com,developer
443,Lilith,Edee,Lilith.Edee@yopmail.com,Lilith.Edee@gmail.com,worker
444,Joane,Mayeda,Joane.Mayeda@yopmail.com,Joane.Mayeda@gmail.com,worker
445,Marylou,Fiann,Marylou.Fiann@yopmail.com,Marylou.Fiann@gmail.com,doctor
446,Doralynne,Catie,Doralynne.Catie@yopmail.com,Doralynne.Catie@gmail.com,worker
447,Paulita,Eachern,Paulita.Eachern@yopmail.com,Paulita.Eachern@gmail.com,police officer
448,Ayn,Papageno,Ayn.Papageno@yopmail.com,Ayn.Papageno@gmail.com,police officer
449,Aigneis,Secrest,Aigneis.Secrest@yopmail.com,Aigneis.Secrest@gmail.com,doctor
450,Konstance,Demitria,Konstance.Demitria@yopmail.com,Konstance.Demitria@gmail.com,worker
451,Chloris,Sadowski,Chloris.Sadowski@yopmail.com,Chloris.Sadowski@gmail.com,worker
452,Audrie,Peg,Audrie.Peg@yopmail.com,Audrie.Peg@gmail.com,firefighter
453,Ernesta,Vastah,Ernesta.Vastah@yopmail.com,Ernesta.Vastah@gmail.com,police officer
454,Penelopa,Lucienne,Penelopa.Lucienne@yopmail.com,Penelopa.Lucienne@gmail.com,police officer
455,Angelique,Goode,Angelique.Goode@yopmail.com,Angelique.Goode@gmail.com,police officer
456,Dania,Voletta,Dania.Voletta@yopmail.com,Dania.Voletta@gmail.com,firefighter
457,Valeda,Malvino,Valeda.Malvino@yopmail.com,Valeda.Malvino@gmail.com,doctor
458,Dawn,Suanne,Dawn.Suanne@yopmail.com,Dawn.Suanne@gmail.com,worker
459,Mathilda,Devlen,Mathilda.Devlen@yopmail.com,Mathilda.Devlen@gmail.com,doctor
460,Jordan,Yorick,Jordan.Yorick@yopmail.com,Jordan.Yorick@gmail.com,firefighter
461,Merrie,Sprage,Merrie.Sprage@yopmail.com,Merrie.Sprage@gmail.com,police officer
462,Damaris,Schwejda,Damaris.Schwejda@yopmail.com,Damaris.Schwejda@gmail.com,worker
463,Bibby,Othilia,Bibby.Othilia@yopmail.com,Bibby.Othilia@gmail.com,police officer
464,Frieda,Eno,Frieda.Eno@yopmail.com,Frieda.Eno@gmail.com,worker
465,Fina,Pettiford,Fina.Pettiford@yopmail.com,Fina.Pettiford@gmail.com,developer
466,Dennie,Even,Dennie.Even@yopmail.com,Dennie.Even@gmail.com,doctor
467,Ekaterina,Friede,Ekaterina.Friede@yopmail.com,Ekaterina.Friede@gmail.com,firefighter
468,Damaris,Nahum,Damaris.Nahum@yopmail.com,Damaris.Nahum@gmail.com,firefighter
469,Aili,Harriman,Aili.Harriman@yopmail.com,Aili.Harriman@gmail.com,worker
470,Katuscha,Ailyn,Katuscha.Ailyn@yopmail.com,Katuscha.Ailyn@gmail.com,firefighter
471,Corene,Bronk,Corene.Bronk@yopmail.com,Corene.Bronk@gmail.com,developer
472,Christy,Japeth,Christy.Japeth@yopmail.com,Christy.Japeth@gmail.com,developer
473,Daryl,Harday,Daryl.Harday@yopmail.com,Daryl.Harday@gmail.com,police officer
474,Kaia,Gualtiero,Kaia.Gualtiero@yopmail.com,Kaia.Gualtiero@gmail.com,firefighter
475,Jacenta,Vanni,Jacenta.Vanni@yopmail.com,Jacenta.Vanni@gmail.com,firefighter
476,Charmaine,Olin,Charmaine.Olin@yopmail.com,Charmaine.Olin@gmail.com,firefighter
477,Aurore,Fredi,Aurore.Fredi@yopmail.com,Aurore.Fredi@gmail.com,developer
478,Cristabel,Deegan,Cristabel.Deegan@yopmail.com,Cristabel.Deegan@gmail.com,doctor
479,Cordi,Pascia,Cordi.Pascia@yopmail.com,Cordi.Pascia@gmail.com,police officer
480,Clarice,Weitman,Clarice.Weitman@yopmail.com,Clarice.Weitman@gmail.com,firefighter
481,Rosanne,Aida,Rosanne.Aida@yopmail.com,Rosanne.Aida@gmail.com,police officer
482,Annice,Penelopa,Annice.Penelopa@yopmail.com,Annice.Penelopa@gmail.com,worker
483,Vonny,Lalitta,Vonny.Lalitta@yopmail.com,Vonny.Lalitta@gmail.com,firefighter
484,Willetta,Wind,Willetta.Wind@yopmail.com,Willetta.Wind@gmail.com,worker
485,Vivia,Medrek,Vivia.Medrek@yopmail.com,Vivia.Medrek@gmail.com,firefighter
486,Janenna,Meter,Janenna.Meter@yopmail.com,Janenna.Meter@gmail.com,police officer
487,Shannah,Myrilla,Shannah.Myrilla@yopmail.com,Shannah.Myrilla@gmail.com,developer
488,Tobe,Cressida,Tobe.Cressida@yopmail.com,Tobe.Cressida@gmail.com,developer
489,Charlena,Merat,Charlena.Merat@yopmail.com,Charlena.Merat@gmail.com,developer
490,Asia,Ellord,Asia.Ellord@yopmail.com,Asia.Ellord@gmail.com,developer
491,Malina,Boycey,Malina.Boycey@yopmail.com,Malina.Boycey@gmail.com,police officer
492,Bettine,Tatianas,Bettine.Tatianas@yopmail.com,Bettine.Tatianas@gmail.com,police officer
493,Jennica,Ursulette,Jennica.Ursulette@yopmail.com,Jennica.Ursulette@gmail.com,worker
494,Aubrie,Raffo,Aubrie.Raffo@yopmail.com,Aubrie.Raffo@gmail.com,firefighter
495,Orsola,Riordan,Orsola.Riordan@yopmail.com,Orsola.Riordan@gmail.com,police officer
496,Esmeralda,Toni,Esmeralda.Toni@yopmail.com,Esmeralda.Toni@gmail.com,police officer
497,Tonia,Lilybelle,Tonia.Lilybelle@yopmail.com,Tonia.Lilybelle@gmail.com,doctor
498,Fina,Campball,Fina.Campball@yopmail.com,Fina.Campball@gmail.com,firefighter
499,Micheline,Anton,Micheline.Anton@yopmail.com,Micheline.Anton@gmail.com,developer
500,Elora,Yorick,Elora.Yorick@yopmail.com,Elora.Yorick@gmail.com,worker
501,Dale,Merell,Dale.Merell@yopmail.com,Dale.Merell@gmail.com,doctor
502,Ashlee,Henebry,Ashlee.Henebry@yopmail.com,Ashlee.Henebry@gmail.com,firefighter
503,Belinda,Cherianne,Belinda.Cherianne@yopmail.com,Belinda.Cherianne@gmail.com,developer
504,Romona,Hartnett,Romona.Hartnett@yopmail.com,Romona.Hartnett@gmail.com,worker
505,Darci,August,Darci.August@yopmail.com,Darci.August@gmail.com,developer
506,Anestassia,Cullin,Anestassia.Cullin@yopmail.com,Anestassia.Cullin@gmail.com,doctor
507,Jackie,Edee,Jackie.Edee@yopmail.com,Jackie.Edee@gmail.com,firefighter
508,Rhea,Quent,Rhea.Quent@yopmail.com,Rhea.Quent@gmail.com,police officer
509,Priscilla,Liva,Priscilla.Liva@yopmail.com,Priscilla.Liva@gmail.com,doctor
510,Carol-Jean,Hedve,Carol-Jean.Hedve@yopmail.com,Carol-Jean.Hedve@gmail.com,doctor
511,Jerry,Sophronia,Jerry.Sophronia@yopmail.com,Jerry.Sophronia@gmail.com,worker
512,Larine,Rossner,Larine.Rossner@yopmail.com,Larine.Rossner@gmail.com,worker
513,Rani,Forrer,Rani.Forrer@yopmail.com,Rani.Forrer@gmail.com,worker
514,Mariann,Tound,Mariann.Tound@yopmail.com,Mariann.Tound@gmail.com,worker
515,Aurelie,Johnsson,Aurelie.Johnsson@yopmail.com,Aurelie.Johnsson@gmail.com,firefighter
516,Oona,Therine,Oona.Therine@yopmail.com,Oona.Therine@gmail.com,police officer
517,Lexine,Ietta,Lexine.Ietta@yopmail.com,Lexine.Ietta@gmail.com,worker
518,Gale,Raama,Gale.Raama@yopmail.com,Gale.Raama@gmail.com,worker
519,Allyce,Riva,Allyce.Riva@yopmail.com,Allyce.Riva@gmail.com,doctor
520,Paulita,Konyn,Paulita.Konyn@yopmail.com,Paulita.Konyn@gmail.com,developer
521,Tersina,Mendez,Tersina.Mendez@yopmail.com,Tersina.Mendez@gmail.com,doctor
522,Augustine,Darbie,Augustine.Darbie@yopmail.com,Augustine.Darbie@gmail.com,developer
523,Alejandra,Wesle,Alejandra.Wesle@yopmail.com,Alejandra.Wesle@gmail.com,firefighter
524,Sonni,Colp,Sonni.Colp@yopmail.com,Sonni.Colp@gmail.com,doctor
525,Dorthy,Ciapas,Dorthy.Ciapas@yopmail.com,Dorthy.Ciapas@gmail.com,firefighter
526,Glenda,Rugen,Glenda.Rugen@yopmail.com,Glenda.Rugen@gmail.com,worker
527,Carmencita,Taam,Carmencita.Taam@yopmail.com,Carmencita.Taam@gmail.com,doctor
528,Elka,Delacourt,Elka.Delacourt@yopmail.com,Elka.Delacourt@gmail.com,developer
529,Rebeca,Brenn,Rebeca.Brenn@yopmail.com,Rebeca.Brenn@gmail.com,police officer
530,Modestia,Peti,Modestia.Peti@yopmail.com,Modestia.Peti@gmail.com,police officer
531,Elora,Heisel,Elora.Heisel@yopmail.com,Elora.Heisel@gmail.com,developer
532,Olivette,Wandie,Olivette.Wandie@yopmail.com,Olivette.Wandie@gmail.com,firefighter
533,Althea,Jacinda,Althea.Jacinda@yopmail.com,Althea.Jacinda@gmail.com,firefighter
534,Valeda,Garlinda,Valeda.Garlinda@yopmail.com,Valeda.Garlinda@gmail.com,developer
535,Christal,Shanley,Christal.Shanley@yopmail.com,Christal.Shanley@gmail.com,doctor
536,Elfreda,Seligman,Elfreda.Seligman@yopmail.com,Elfreda.Seligman@gmail.com,police officer
537,Cecile,Lytton,Cecile.Lytton@yopmail.com,Cecile.Lytton@gmail.com,developer
538,Nataline,Reidar,Nataline.Reidar@yopmail.com,Nataline.Reidar@gmail.com,developer
539,Dari,Georgy,Dari.Georgy@yopmail.com,Dari.Georgy@gmail.com,doctor
540,Glenda,Hachmin,Glenda.Hachmin@yopmail.com,Glenda.Hachmin@gmail.com,worker
541,Melina,Ferino,Melina.Ferino@yopmail.com,Melina.Ferino@gmail.com,police officer
542,Sindee,Avi,Sindee.Avi@yopmail.com,Sindee.Avi@gmail.com,police officer
543,Leontine,Jerald,Leontine.Jerald@yopmail.com,Leontine.Jerald@gmail.com,doctor
544,Vivia,Ovid,Vivia.Ovid@yopmail.com,Vivia.Ovid@gmail.com,developer
545,Mildrid,Zaslow,Mildrid.Zaslow@yopmail.com,Mildrid.Zaslow@gmail.com,worker
546,Belva,Fairweather,Belva.Fairweather@yopmail.com,Belva.Fairweather@gmail.com,firefighter
547,Ellette,Brandice,Ellette.Brandice@yopmail.com,Ellette.Brandice@gmail.com,firefighter
548,Orelia,Sibyls,Orelia.Sibyls@yopmail.com,Orelia.Sibyls@gmail.com,doctor
549,Gloria,Socha,Gloria.Socha@yopmail.com,Gloria.Socha@gmail.com,worker
550,Drucie,Madaih,Drucie.Madaih@yopmail.com,Drucie.Madaih@gmail.com,developer
551,Mady,Niccolo,Mady.Niccolo@yopmail.com,Mady.Niccolo@gmail.com,police officer
552,Joceline,Ochs,Joceline.Ochs@yopmail.com,Joceline.Ochs@gmail.com,developer
553,Gretal,Teryn,Gretal.Teryn@yopmail.com,Gretal.Teryn@gmail.com,developer
554,Mariann,Egbert,Mariann.Egbert@yopmail.com,Mariann.Egbert@gmail.com,worker
555,Sherrie,Karl,Sherrie.Karl@yopmail.com,Sherrie.Karl@gmail.com,doctor
556,Joceline,Cimbura,Joceline.Cimbura@yopmail.com,Joceline.Cimbura@gmail.com,worker
557,Dagmar,Sothena,Dagmar.Sothena@yopmail.com,Dagmar.Sothena@gmail.com,doctor
558,Caritta,Wildermuth,Caritta.Wildermuth@yopmail.com,Caritta.Wildermuth@gmail.com,worker
559,Dawn,Hunfredo,Dawn.Hunfredo@yopmail.com,Dawn.Hunfredo@gmail.com,firefighter
560,Roslyn,Zrike,Roslyn.Zrike@yopmail.com,Roslyn.Zrike@gmail.com,doctor
561,Bernardine,Zrike,Bernardine.Zrike@yopmail.com,Bernardine.Zrike@gmail.com,firefighter
562,Rayna,Lissi,Rayna.Lissi@yopmail.com,Rayna.Lissi@gmail.com,police officer
563,Cyb,Ethban,Cyb.Ethban@yopmail.com,Cyb.Ethban@gmail.com,police officer
564,Gusty,Lymann,Gusty.Lymann@yopmail.com,Gusty.Lymann@gmail.com,doctor
565,Ezmeralda,Philipp,Ezmeralda.Philipp@yopmail.com,Ezmeralda.Philipp@gmail.com,worker
566,Agnese,Bearnard,Agnese.Bearnard@yopmail.com,Agnese.Bearnard@gmail.com,worker
567,Harmonia,Rheingold,Harmonia.Rheingold@yopmail.com,Harmonia.Rheingold@gmail.com,worker
568,Coral,Baylor,Coral.Baylor@yopmail.com,Coral.Baylor@gmail.com,developer
569,Constance,Cristi,Constance.Cristi@yopmail.com,Constance.Cristi@gmail.com,firefighter
570,Queenie,Linehan,Queenie.Linehan@yopmail.com,Queenie.Linehan@gmail.com,firefighter
571,Wilma,Papageno,Wilma.Papageno@yopmail.com,Wilma.Papageno@gmail.com,firefighter
572,Gale,Lipson,Gale.Lipson@yopmail.com,Gale.Lipson@gmail.com,police officer
573,Mathilda,Kat,Mathilda.Kat@yopmail.com,Mathilda.Kat@gmail.com,worker
574,Madeleine,Hepsibah,Madeleine.Hepsibah@yopmail.com,Madeleine.Hepsibah@gmail.com,police officer
575,Jordan,Suzetta,Jordan.Suzetta@yopmail.com,Jordan.Suzetta@gmail.com,developer
576,Emma,Lane,Emma.Lane@yopmail.com,Emma.Lane@gmail.com,developer
577,Dione,Alejoa,Dione.Alejoa@yopmail.com,Dione.Alejoa@gmail.com,police officer
578,Dorthy,Goode,Dorthy.Goode@yopmail.com,Dorthy.Goode@gmail.com,police officer
579,Lindie,Infield,Lindie.Infield@yopmail.com,Lindie.Infield@gmail.com,police officer
580,Binny,Raffo,Binny.Raffo@yopmail.com,Binny.Raffo@gmail.com,worker
581,Brietta,Means,Brietta.Means@yopmail.com,Brietta.Means@gmail.com,worker
582,Amalie,Mauer,Amalie.Mauer@yopmail.com,Amalie.Mauer@gmail.com,police officer
583,Merle,Judye,Merle.Judye@yopmail.com,Merle.Judye@gmail.com,doctor
584,Kristan,Serilda,Kristan.Serilda@yopmail.com,Kristan.Serilda@gmail.com,doctor
585,Donetta,Amadas,Donetta.Amadas@yopmail.com,Donetta.Amadas@gmail.com,doctor
586,Brana,Regan,Brana.Regan@yopmail.com,Brana.Regan@gmail.com,firefighter
587,Maurene,Bonucci,Maurene.Bonucci@yopmail.com,Maurene.Bonucci@gmail.com,doctor
588,Renie,Arathorn,Renie.Arathorn@yopmail.com,Renie.Arathorn@gmail.com,developer
589,Phedra,Carmena,Phedra.Carmena@yopmail.com,Phedra.Carmena@gmail.com,worker
590,Nataline,Stilwell,Nataline.Stilwell@yopmail.com,Nataline.Stilwell@gmail.com,police officer
591,Dale,Casimir,Dale.Casimir@yopmail.com,Dale.Casimir@gmail.com,doctor
592,Darlleen,Schenck,Darlleen.Schenck@yopmail.com,Darlleen.Schenck@gmail.com,developer
593,Christy,Korey,Christy.Korey@yopmail.com,Christy.Korey@gmail.com,developer
594,Wileen,Linehan,Wileen.Linehan@yopmail.com,Wileen.Linehan@gmail.com,worker
595,Trudie,Arathorn,Trudie.Arathorn@yopmail.com,Trudie.Arathorn@gmail.com,doctor
596,Ekaterina,Lymann,Ekaterina.Lymann@yopmail.com,Ekaterina.Lymann@gmail.com,developer
597,Vevay,Ivens,Vevay.Ivens@yopmail.com,Vevay.Ivens@gmail.com,worker
598,Michaelina,Kenwood,Michaelina.Kenwood@yopmail.com,Michaelina.Kenwood@gmail.com,developer
599,Kathi,Aprile,Kathi.Aprile@yopmail.com,Kathi.Aprile@gmail.com,police officer
600,Lily,Howlyn,Lily.Howlyn@yopmail.com,Lily.Howlyn@gmail.com,developer
601,Nonnah,Sherrie,Nonnah.Sherrie@yopmail.com,Nonnah.Sherrie@gmail.com,police officer
602,Norine,Regan,Norine.Regan@yopmail.com,Norine.Regan@gmail.com,developer
603,Britte,Morrill,Britte.Morrill@yopmail.com,Britte.Morrill@gmail.com,doctor
604,Therine,Paton,Therine.Paton@yopmail.com,Therine.Paton@gmail.com,doctor
605,Bee,Warthman,Bee.Warthman@yopmail.com,Bee.Warthman@gmail.com,doctor
606,Linet,Ivens,Linet.Ivens@yopmail.com,Linet.Ivens@gmail.com,firefighter
607,Alyssa,Docilla,Alyssa.Docilla@yopmail.com,Alyssa.Docilla@gmail.com,developer
608,Sallie,Olin,Sallie.Olin@yopmail.com,Sallie.Olin@gmail.com,doctor
609,Kalina,Jobi,Kalina.Jobi@yopmail.com,Kalina.Jobi@gmail.com,police officer
610,Dulcinea,Roarke,Dulcinea.Roarke@yopmail.com,Dulcinea.Roarke@gmail.com,developer
611,Lory,Eno,Lory.Eno@yopmail.com,Lory.Eno@gmail.com,worker
612,Zsa Zsa,Damarra,Zsa Zsa.Damarra@yopmail.com,Zsa Zsa.Damarra@gmail.com,developer
613,Valli,Isacco,Valli.Isacco@yopmail.com,Valli.Isacco@gmail.com,worker
614,Corry,Lutero,Corry.Lutero@yopmail.com,Corry.Lutero@gmail.com,doctor
615,Gisela,Thema,Gisela.Thema@yopmail.com,Gisela.Thema@gmail.com,worker
616,Mamie,Mike,Mamie.Mike@yopmail.com,Mamie.Mike@gmail.com,developer
617,Betta,Sothena,Betta.Sothena@yopmail.com,Betta.Sothena@gmail.com,worker
618,Frieda,Mandler,Frieda.Mandler@yopmail.com,Frieda.Mandler@gmail.com,doctor
619,Helsa,Dalli,Helsa.Dalli@yopmail.com,Helsa.Dalli@gmail.com,police officer
620,Ilse,Naashom,Ilse.Naashom@yopmail.com,Ilse.Naashom@gmail.com,police officer
621,Wileen,Catie,Wileen.Catie@yopmail.com,Wileen.Catie@gmail.com,firefighter
622,Sybille,Tice,Sybille.Tice@yopmail.com,Sybille.Tice@gmail.com,doctor
623,Marylou,Yerkovich,Marylou.Yerkovich@yopmail.com,Marylou.Yerkovich@gmail.com,worker
624,Goldie,Thunell,Goldie.Thunell@yopmail.com,Goldie.Thunell@gmail.com,police officer
625,Annora,Chapland,Annora.Chapland@yopmail.com,Annora.Chapland@gmail.com,doctor
626,Natka,Magdalen,Natka.Magdalen@yopmail.com,Natka.Magdalen@gmail.com,doctor
627,Tamqrah,Bouchard,Tamqrah.Bouchard@yopmail.com,Tamqrah.Bouchard@gmail.com,worker
628,Jackie,Karylin,Jackie.Karylin@yopmail.com,Jackie.Karylin@gmail.com,developer
629,Ira,Prouty,Ira.Prouty@yopmail.com,Ira.Prouty@gmail.com,developer
630,Larine,Reidar,Larine.Reidar@yopmail.com,Larine.Reidar@gmail.com,doctor
631,Celestyna,Sammons,Celestyna.Sammons@yopmail.com,Celestyna.Sammons@gmail.com,developer
632,Helsa,Shanley,Helsa.Shanley@yopmail.com,Helsa.Shanley@gmail.com,doctor
633,Carmencita,Melan,Carmencita.Melan@yopmail.com,Carmencita.Melan@gmail.com,doctor
634,Mariann,Adrienne,Mariann.Adrienne@yopmail.com,Mariann.Adrienne@gmail.com,police officer
635,Josephine,Charmine,Josephine.Charmine@yopmail.com,Josephine.Charmine@gmail.com,police officer
636,Nickie,Smitt,Nickie.Smitt@yopmail.com,Nickie.Smitt@gmail.com,doctor
637,Jerry,Dominy,Jerry.Dominy@yopmail.com,Jerry.Dominy@gmail.com,doctor
638,Roberta,Bebe,Roberta.Bebe@yopmail.com,Roberta.Bebe@gmail.com,developer
639,Carmencita,Middleton,Carmencita.Middleton@yopmail.com,Carmencita.Middleton@gmail.com,firefighter
640,Alejandra,Aprile,Alejandra.Aprile@yopmail.com,Alejandra.Aprile@gmail.com,developer
641,Delilah,Kosey,Delilah.Kosey@yopmail.com,Delilah.Kosey@gmail.com,worker
642,Gui,Orelee,Gui.Orelee@yopmail.com,Gui.Orelee@gmail.com,firefighter
643,Sandie,Guthrie,Sandie.Guthrie@yopmail.com,Sandie.Guthrie@gmail.com,police officer
644,Miquela,Carmena,Miquela.Carmena@yopmail.com,Miquela.Carmena@gmail.com,worker
645,Jenda,Luhe,Jenda.Luhe@yopmail.com,Jenda.Luhe@gmail.com,police officer
646,Chere,Katrine,Chere.Katrine@yopmail.com,Chere.Katrine@gmail.com,police officer
647,Teriann,Kelula,Teriann.Kelula@yopmail.com,Teriann.Kelula@gmail.com,firefighter
648,Joceline,Pettiford,Joceline.Pettiford@yopmail.com,Joceline.Pettiford@gmail.com,worker
649,Stevana,Dudley,Stevana.Dudley@yopmail.com,Stevana.Dudley@gmail.com,police officer
650,Dale,Kare,Dale.Kare@yopmail.com,Dale.Kare@gmail.com,developer
651,Farrah,Shelba,Farrah.Shelba@yopmail.com,Farrah.Shelba@gmail.com,police officer
652,Tracey,Avi,Tracey.Avi@yopmail.com,Tracey.Avi@gmail.com,police officer
653,Marylou,Urania,Marylou.Urania@yopmail.com,Marylou.Urania@gmail.com,firefighter
654,Rubie,Kussell,Rubie.Kussell@yopmail.com,Rubie.Kussell@gmail.com,police officer
655,Kristina,Lumbard,Kristina.Lumbard@yopmail.com,Kristina.Lumbard@gmail.com,police officer
656,Katuscha,Llovera,Katuscha.Llovera@yopmail.com,Katuscha.Llovera@gmail.com,worker
657,Doralynne,Montgomery,Doralynne.Montgomery@yopmail.com,Doralynne.Montgomery@gmail.com,police officer
658,Ileana,Capello,Ileana.Capello@yopmail.com,Ileana.Capello@gmail.com,police officer
659,Rhoda,Garek,Rhoda.Garek@yopmail.com,Rhoda.Garek@gmail.com,doctor
660,Nickie,Ferino,Nickie.Ferino@yopmail.com,Nickie.Ferino@gmail.com,worker
661,Tracey,Leopold,Tracey.Leopold@yopmail.com,Tracey.Leopold@gmail.com,developer
662,Zondra,Mullane,Zondra.Mullane@yopmail.com,Zondra.Mullane@gmail.com,police officer
663,Nonnah,Ball,Nonnah.Ball@yopmail.com,Nonnah.Ball@gmail.com,worker
664,Cecile,Nelsen,Cecile.Nelsen@yopmail.com,Cecile.Nelsen@gmail.com,developer
665,Di,Gordon,Di.Gordon@yopmail.com,Di.Gordon@gmail.com,doctor
666,Liana,Sabella,Liana.Sabella@yopmail.com,Liana.Sabella@gmail.com,firefighter
667,Raina,Lissi,Raina.Lissi@yopmail.com,Raina.Lissi@gmail.com,doctor
668,Caressa,Sikorski,Caressa.Sikorski@yopmail.com,Caressa.Sikorski@gmail.com,police officer
669,Donnie,Croix,Donnie.Croix@yopmail.com,Donnie.Croix@gmail.com,police officer
670,Janeczka,Nea,Janeczka.Nea@yopmail.com,Janeczka.Nea@gmail.com,doctor
671,Pamella,Eben,Pamella.Eben@yopmail.com,Pamella.Eben@gmail.com,worker
672,Arlina,Mayeda,Arlina.Mayeda@yopmail.com,Arlina.Mayeda@gmail.com,developer
673,Lanae,O'Neill,Lanae.O'Neill@yopmail.com,Lanae.O'Neill@gmail.com,doctor
674,Pearline,Thomasina,Pearline.Thomasina@yopmail.com,Pearline.Thomasina@gmail.com,police officer
675,Aurore,Imelida,Aurore.Imelida@yopmail.com,Aurore.Imelida@gmail.com,police officer
676,Susette,Fancie,Susette.Fancie@yopmail.com,Susette.Fancie@gmail.com,firefighter
677,Lucille,Geffner,Lucille.Geffner@yopmail.com,Lucille.Geffner@gmail.com,worker
678,Angelique,Wiener,Angelique.Wiener@yopmail.com,Angelique.Wiener@gmail.com,doctor
679,Abbie,Uird,Abbie.Uird@yopmail.com,Abbie.Uird@gmail.com,firefighter
680,Chrystel,Zola,Chrystel.Zola@yopmail.com,Chrystel.Zola@gmail.com,police officer
681,Kittie,Pillsbury,Kittie.Pillsbury@yopmail.com,Kittie.Pillsbury@gmail.com,doctor
682,Myriam,Chesna,Myriam.Chesna@yopmail.com,Myriam.Chesna@gmail.com,firefighter
683,Tressa,Delacourt,Tressa.Delacourt@yopmail.com,Tressa.Delacourt@gmail.com,police officer
684,Natka,Dichy,Natka.Dichy@yopmail.com,Natka.Dichy@gmail.com,police officer
685,Tani,Schonfeld,Tani.Schonfeld@yopmail.com,Tani.Schonfeld@gmail.com,police officer
686,Imojean,Kauppi,Imojean.Kauppi@yopmail.com,Imojean.Kauppi@gmail.com,firefighter
687,Kore,Chesna,Kore.Chesna@yopmail.com,Kore.Chesna@gmail.com,worker
688,Maryellen,Tillford,Maryellen.Tillford@yopmail.com,Maryellen.Tillford@gmail.com,police officer
689,Chere,Munn,Chere.Munn@yopmail.com,Chere.Munn@gmail.com,doctor
690,Leontine,Kravits,Leontine.Kravits@yopmail.com,Leontine.Kravits@gmail.com,developer
691,Nataline,Pernick,Nataline.Pernick@yopmail.com,Nataline.Pernick@gmail.com,developer
692,Charissa,Wenoa,Charissa.Wenoa@yopmail.com,Charissa.Wenoa@gmail.com,doctor
693,Juliane,Leopold,Juliane.Leopold@yopmail.com,Juliane.Leopold@gmail.com,worker
694,Alejandra,Lewes,Alejandra.Lewes@yopmail.com,Alejandra.Lewes@gmail.com,developer
695,Ekaterina,Selway,Ekaterina.Selway@yopmail.com,Ekaterina.Selway@gmail.com,police officer
696,Dorothy,Baylor,Dorothy.Baylor@yopmail.com,Dorothy.Baylor@gmail.com,firefighter
697,Lita,Pip,Lita.Pip@yopmail.com,Lita.Pip@gmail.com,firefighter
698,Kimmy,Gualtiero,Kimmy.Gualtiero@yopmail.com,Kimmy.Gualtiero@gmail.com,doctor
699,Gretal,Remmer,Gretal.Remmer@yopmail.com,Gretal.Remmer@gmail.com,police officer
700,Cam,Klemperer,Cam.Klemperer@yopmail.com,Cam.Klemperer@gmail.com,firefighter
701,Gabriellia,Secrest,Gabriellia.Secrest@yopmail.com,Gabriellia.Secrest@gmail.com,police officer
702,Jeanna,Shama,Jeanna.Shama@yopmail.com,Jeanna.Shama@gmail.com,doctor
703,Raf,Goth,Raf.Goth@yopmail.com,Raf.Goth@gmail.com,firefighter
704,Quintina,Florina,Quintina.Florina@yopmail.com,Quintina.Florina@gmail.com,worker
705,Rosaline,Thar,Rosaline.Thar@yopmail.com,Rosaline.Thar@gmail.com,worker
706,Farrah,Toffic,Farrah.Toffic@yopmail.com,Farrah.Toffic@gmail.com,police officer
707,Janey,Gualtiero,Janey.Gualtiero@yopmail.com,Janey.Gualtiero@gmail.com,developer
708,Zaria,Meter,Zaria.Meter@yopmail.com,Zaria.Meter@gmail.com,firefighter
709,Daryl,Orelee,Daryl.Orelee@yopmail.com,Daryl.Orelee@gmail.com,worker
710,Annabela,Nickola,Annabela.Nickola@yopmail.com,Annabela.Nickola@gmail.com,doctor
711,Joceline,Etom,Joceline.Etom@yopmail.com,Joceline.Etom@gmail.com,worker
712,Juliane,Lindemann,Juliane.Lindemann@yopmail.com,Juliane.Lindemann@gmail.com,police officer
713,Alie,Teddman,Alie.Teddman@yopmail.com,Alie.Teddman@gmail.com,worker
714,Margette,Fancie,Margette.Fancie@yopmail.com,Margette.Fancie@gmail.com,firefighter
715,Jemie,Gunn,Jemie.Gunn@yopmail.com,Jemie.Gunn@gmail.com,developer
716,Helena,Rubie,Helena.Rubie@yopmail.com,Helena.Rubie@gmail.com,developer
717,Briney,Garek,Briney.Garek@yopmail.com,Briney.Garek@gmail.com,worker
718,Aeriela,Rolf,Aeriela.Rolf@yopmail.com,Aeriela.Rolf@gmail.com,doctor
719,Andeee,Scammon,Andeee.Scammon@yopmail.com,Andeee.Scammon@gmail.com,firefighter
720,Starla,Tiffa,Starla.Tiffa@yopmail.com,Starla.Tiffa@gmail.com,doctor
721,Letizia,Stelle,Letizia.Stelle@yopmail.com,Letizia.Stelle@gmail.com,developer
722,Ebonee,Ciro,Ebonee.Ciro@yopmail.com,Ebonee.Ciro@gmail.com,police officer
723,Ninnetta,Sheng,Ninnetta.Sheng@yopmail.com,Ninnetta.Sheng@gmail.com,doctor
724,Kristina,Bendick,Kristina.Bendick@yopmail.com,Kristina.Bendick@gmail.com,doctor
725,Larine,Travax,Larine.Travax@yopmail.com,Larine.Travax@gmail.com,worker
726,Adore,Persse,Adore.Persse@yopmail.com,Adore.Persse@gmail.com,developer
727,Annice,Ummersen,Annice.Ummersen@yopmail.com,Annice.Ummersen@gmail.com,firefighter
728,Katleen,Ursulette,Katleen.Ursulette@yopmail.com,Katleen.Ursulette@gmail.com,firefighter
729,Kial,Mallon,Kial.Mallon@yopmail.com,Kial.Mallon@gmail.com,police officer
730,Perry,Estella,Perry.Estella@yopmail.com,Perry.Estella@gmail.com,doctor
731,Wendi,Amadas,Wendi.Amadas@yopmail.com,Wendi.Amadas@gmail.com,police officer
732,Maye,Even,Maye.Even@yopmail.com,Maye.Even@gmail.com,developer
733,Trixi,Garrison,Trixi.Garrison@yopmail.com,Trixi.Garrison@gmail.com,police officer
734,Dione,Francene,Dione.Francene@yopmail.com,Dione.Francene@gmail.com,developer
735,Dagmar,Ioab,Dagmar.Ioab@yopmail.com,Dagmar.Ioab@gmail.com,police officer
736,Berta,Eugenia,Berta.Eugenia@yopmail.com,Berta.Eugenia@gmail.com,firefighter
737,Ruthe,Eckblad,Ruthe.Eckblad@yopmail.com,Ruthe.Eckblad@gmail.com,developer
738,Joleen,Jobi,Joleen.Jobi@yopmail.com,Joleen.Jobi@gmail.com,worker
739,Kenna,Zola,Kenna.Zola@yopmail.com,Kenna.Zola@gmail.com,developer
740,Meghann,Hubert,Meghann.Hubert@yopmail.com,Meghann.Hubert@gmail.com,doctor
741,Candi,Viddah,Candi.Viddah@yopmail.com,Candi.Viddah@gmail.com,worker
742,Cordi,Jammal,Cordi.Jammal@yopmail.com,Cordi.Jammal@gmail.com,doctor
743,Delilah,Clywd,Delilah.Clywd@yopmail.com,Delilah.Clywd@gmail.com,police officer
744,Codie,Ovid,Codie.Ovid@yopmail.com,Codie.Ovid@gmail.com,doctor
745,Catrina,Syd,Catrina.Syd@yopmail.com,Catrina.Syd@gmail.com,worker
746,Ardenia,Lipson,Ardenia.Lipson@yopmail.com,Ardenia.Lipson@gmail.com,doctor
747,Kore,Nedrud,Kore.Nedrud@yopmail.com,Kore.Nedrud@gmail.com,developer
748,Fayre,Lissi,Fayre.Lissi@yopmail.com,Fayre.Lissi@gmail.com,worker
749,Barbara,Dichy,Barbara.Dichy@yopmail.com,Barbara.Dichy@gmail.com,firefighter
750,Alia,Holbrook,Alia.Holbrook@yopmail.com,Alia.Holbrook@gmail.com,developer
751,Binny,Alarise,Binny.Alarise@yopmail.com,Binny.Alarise@gmail.com,developer
752,Regina,Erich,Regina.Erich@yopmail.com,Regina.Erich@gmail.com,firefighter
753,Sophia,Velick,Sophia.Velick@yopmail.com,Sophia.Velick@gmail.com,doctor
754,Ayn,Adlare,Ayn.Adlare@yopmail.com,Ayn.Adlare@gmail.com,worker
755,Jaime,Callista,Jaime.Callista@yopmail.com,Jaime.Callista@gmail.com,police officer
756,Frank,Selway,Frank.Selway@yopmail.com,Frank.Selway@gmail.com,police officer
757,Jenilee,Barrus,Jenilee.Barrus@yopmail.com,Jenilee.Barrus@gmail.com,developer
758,Kaja,Terrence,Kaja.Terrence@yopmail.com,Kaja.Terrence@gmail.com,police officer
759,Ginnie,Bach,Ginnie.Bach@yopmail.com,Ginnie.Bach@gmail.com,worker
760,Tami,Weaks,Tami.Weaks@yopmail.com,Tami.Weaks@gmail.com,developer
761,Rosene,Smitt,Rosene.Smitt@yopmail.com,Rosene.Smitt@gmail.com,worker
762,Delilah,Mathilde,Delilah.Mathilde@yopmail.com,Delilah.Mathilde@gmail.com,firefighter
763,Alexine,Lytton,Alexine.Lytton@yopmail.com,Alexine.Lytton@gmail.com,developer
764,Viviene,Tayib,Viviene.Tayib@yopmail.com,Viviene.Tayib@gmail.com,developer
765,Susette,Naashom,Susette.Naashom@yopmail.com,Susette.Naashom@gmail.com,doctor
766,Peri,Cleo,Peri.Cleo@yopmail.com,Peri.Cleo@gmail.com,doctor
767,Roslyn,Fairweather,Roslyn.Fairweather@yopmail.com,Roslyn.Fairweather@gmail.com,police officer
768,Danika,Lattie,Danika.Lattie@yopmail.com,Danika.Lattie@gmail.com,developer
769,Lusa,Kauppi,Lusa.Kauppi@yopmail.com,Lusa.Kauppi@gmail.com,firefighter
770,Annecorinne,Leffen,Annecorinne.Leffen@yopmail.com,Annecorinne.Leffen@gmail.com,developer
771,Pamella,Bartlett,Pamella.Bartlett@yopmail.com,Pamella.Bartlett@gmail.com,doctor
772,Darci,Edee,Darci.Edee@yopmail.com,Darci.Edee@gmail.com,doctor
773,Xylina,Corrine,Xylina.Corrine@yopmail.com,Xylina.Corrine@gmail.com,worker
774,Leontine,Alfons,Leontine.Alfons@yopmail.com,Leontine.Alfons@gmail.com,worker
775,Anica,Donoghue,Anica.Donoghue@yopmail.com,Anica.Donoghue@gmail.com,firefighter
776,Tori,McGrody,Tori.McGrody@yopmail.com,Tori.McGrody@gmail.com,police officer
777,Dorothy,Sisile,Dorothy.Sisile@yopmail.com,Dorothy.Sisile@gmail.com,firefighter
778,Sindee,My,Sindee.My@yopmail.com,Sindee.My@gmail.com,developer
779,Melodie,Zamora,Melodie.Zamora@yopmail.com,Melodie.Zamora@gmail.com,police officer
780,Gaylene,My,Gaylene.My@yopmail.com,Gaylene.My@gmail.com,doctor
781,Gusella,Edee,Gusella.Edee@yopmail.com,Gusella.Edee@gmail.com,developer
782,Marcelline,Wolfgram,Marcelline.Wolfgram@yopmail.com,Marcelline.Wolfgram@gmail.com,doctor
783,Jessy,Felizio,Jessy.Felizio@yopmail.com,Jessy.Felizio@gmail.com,worker
784,Sharai,Jammal,Sharai.Jammal@yopmail.com,Sharai.Jammal@gmail.com,worker
785,Jan,Whittaker,Jan.Whittaker@yopmail.com,Jan.Whittaker@gmail.com,developer
786,Gretal,Baylor,Gretal.Baylor@yopmail.com,Gretal.Baylor@gmail.com,doctor
787,Estell,Giff,Estell.Giff@yopmail.com,Estell.Giff@gmail.com,police officer
788,Loree,Raseda,Loree.Raseda@yopmail.com,Loree.Raseda@gmail.com,doctor
789,Basia,Constancy,Basia.Constancy@yopmail.com,Basia.Constancy@gmail.com,firefighter
790,Linet,Dannye,Linet.Dannye@yopmail.com,Linet.Dannye@gmail.com,worker
791,Tamqrah,Cottle,Tamqrah.Cottle@yopmail.com,Tamqrah.Cottle@gmail.com,police officer
792,Dyann,Sikorski,Dyann.Sikorski@yopmail.com,Dyann.Sikorski@gmail.com,worker
793,Eugine,Diann,Eugine.Diann@yopmail.com,Eugine.Diann@gmail.com,developer
794,Aubrie,Constancy,Aubrie.Constancy@yopmail.com,Aubrie.Constancy@gmail.com,worker
795,Ginnie,Edmund,Ginnie.Edmund@yopmail.com,Ginnie.Edmund@gmail.com,developer
796,Babita,Gregrory,Babita.Gregrory@yopmail.com,Babita.Gregrory@gmail.com,doctor
797,Dyann,Latini,Dyann.Latini@yopmail.com,Dyann.Latini@gmail.com,police officer
798,Katharina,Michella,Katharina.Michella@yopmail.com,Katharina.Michella@gmail.com,doctor
799,Jacquetta,Aurelio,Jacquetta.Aurelio@yopmail.com,Jacquetta.Aurelio@gmail.com,police officer
800,Bernie,Lemuela,Bernie.Lemuela@yopmail.com,Bernie.Lemuela@gmail.com,developer
801,Joy,Chinua,Joy.Chinua@yopmail.com,Joy.Chinua@gmail.com,doctor
802,Yetty,Truc,Yetty.Truc@yopmail.com,Yetty.Truc@gmail.com,developer
803,Brana,Elisha,Brana.Elisha@yopmail.com,Brana.Elisha@gmail.com,police officer
804,Pierette,Jeanne,Pierette.Jeanne@yopmail.com,Pierette.Jeanne@gmail.com,developer
805,Joane,Teddman,Joane.Teddman@yopmail.com,Joane.Teddman@gmail.com,firefighter
806,Camile,Rese,Camile.Rese@yopmail.com,Camile.Rese@gmail.com,firefighter
807,Frank,Sasnett,Frank.Sasnett@yopmail.com,Frank.Sasnett@gmail.com,police officer
808,Riannon,Even,Riannon.Even@yopmail.com,Riannon.Even@gmail.com,police officer
809,Kylynn,Newell,Kylynn.Newell@yopmail.com,Kylynn.Newell@gmail.com,developer
810,Jordan,Newell,Jordan.Newell@yopmail.com,Jordan.Newell@gmail.com,firefighter
811,Ursulina,Madaih,Ursulina.Madaih@yopmail.com,Ursulina.Madaih@gmail.com,doctor
812,Caritta,Nahum,Caritta.Nahum@yopmail.com,Caritta.Nahum@gmail.com,developer
813,Jenda,Emanuel,Jenda.Emanuel@yopmail.com,Jenda.Emanuel@gmail.com,worker
814,Jinny,O'Carroll,Jinny.O'Carroll@yopmail.com,Jinny.O'Carroll@gmail.com,police officer
815,Georgina,Wattenberg,Georgina.Wattenberg@yopmail.com,Georgina.Wattenberg@gmail.com,developer
816,Aurore,Parsaye,Aurore.Parsaye@yopmail.com,Aurore.Parsaye@gmail.com,doctor
817,Shirlee,Nickola,Shirlee.Nickola@yopmail.com,Shirlee.Nickola@gmail.com,police officer
818,Danny,Arquit,Danny.Arquit@yopmail.com,Danny.Arquit@gmail.com,firefighter
819,Calla,Euridice,Calla.Euridice@yopmail.com,Calla.Euridice@gmail.com,doctor
820,Kirstin,Hertzfeld,Kirstin.Hertzfeld@yopmail.com,Kirstin.Hertzfeld@gmail.com,police officer
821,Binny,Johnsson,Binny.Johnsson@yopmail.com,Binny.Johnsson@gmail.com,firefighter
822,Babita,Jary,Babita.Jary@yopmail.com,Babita.Jary@gmail.com,developer
823,Donetta,Vivle,Donetta.Vivle@yopmail.com,Donetta.Vivle@gmail.com,doctor
824,Carlie,Cecile,Carlie.Cecile@yopmail.com,Carlie.Cecile@gmail.com,doctor
825,Corly,Teddman,Corly.Teddman@yopmail.com,Corly.Teddman@gmail.com,firefighter
826,Kial,Screens,Kial.Screens@yopmail.com,Kial.Screens@gmail.com,worker
827,Tani,Sparhawk,Tani.Sparhawk@yopmail.com,Tani.Sparhawk@gmail.com,doctor
828,Felice,Lilybelle,Felice.Lilybelle@yopmail.com,Felice.Lilybelle@gmail.com,firefighter
829,Imojean,Haymes,Imojean.Haymes@yopmail.com,Imojean.Haymes@gmail.com,firefighter
830,Debee,Mata,Debee.Mata@yopmail.com,Debee.Mata@gmail.com,doctor
831,Lenna,Lytton,Lenna.Lytton@yopmail.com,Lenna.Lytton@gmail.com,police officer
832,Regina,Hilbert,Regina.Hilbert@yopmail.com,Regina.Hilbert@gmail.com,police officer
833,Cassandra,Tjon,Cassandra.Tjon@yopmail.com,Cassandra.Tjon@gmail.com,developer
834,Jan,Bahr,Jan.Bahr@yopmail.com,Jan.Bahr@gmail.com,worker
835,Dode,Hanleigh,Dode.Hanleigh@yopmail.com,Dode.Hanleigh@gmail.com,developer
836,Frank,Zeeba,Frank.Zeeba@yopmail.com,Frank.Zeeba@gmail.com,developer
837,Gaylene,Viddah,Gaylene.Viddah@yopmail.com,Gaylene.Viddah@gmail.com,police officer
838,Willetta,Belldas,Willetta.Belldas@yopmail.com,Willetta.Belldas@gmail.com,developer
839,Quintina,Minetta,Quintina.Minetta@yopmail.com,Quintina.Minetta@gmail.com,developer
840,Elise,Delp,Elise.Delp@yopmail.com,Elise.Delp@gmail.com,firefighter
841,Tami,Johnsson,Tami.Johnsson@yopmail.com,Tami.Johnsson@gmail.com,firefighter
842,Kalina,Ariella,Kalina.Ariella@yopmail.com,Kalina.Ariella@gmail.com,police officer
843,Leanna,Cath,Leanna.Cath@yopmail.com,Leanna.Cath@gmail.com,worker
844,Dulce,Harned,Dulce.Harned@yopmail.com,Dulce.Harned@gmail.com,doctor
845,Lolita,Carri,Lolita.Carri@yopmail.com,Lolita.Carri@gmail.com,doctor
846,Jinny,Wind,Jinny.Wind@yopmail.com,Jinny.Wind@gmail.com,doctor
847,Christian,Hull,Christian.Hull@yopmail.com,Christian.Hull@gmail.com,developer
848,Lucille,Zenas,Lucille.Zenas@yopmail.com,Lucille.Zenas@gmail.com,developer
849,Corry,Brandice,Corry.Brandice@yopmail.com,Corry.Brandice@gmail.com,developer
850,Agathe,Rossner,Agathe.Rossner@yopmail.com,Agathe.Rossner@gmail.com,police officer
851,Cindelyn,Fry,Cindelyn.Fry@yopmail.com,Cindelyn.Fry@gmail.com,worker
852,Johna,Smitt,Johna.Smitt@yopmail.com,Johna.Smitt@gmail.com,police officer
853,Vonny,Amand,Vonny.Amand@yopmail.com,Vonny.Amand@gmail.com,doctor
854,Natka,McNully,Natka.McNully@yopmail.com,Natka.McNully@gmail.com,doctor
855,Mara,Morrill,Mara.Morrill@yopmail.com,Mara.Morrill@gmail.com,developer
856,Karly,Graig,Karly.Graig@yopmail.com,Karly.Graig@gmail.com,worker
857,Ardeen,Hebner,Ardeen.Hebner@yopmail.com,Ardeen.Hebner@gmail.com,developer
858,Jaime,Irmine,Jaime.Irmine@yopmail.com,Jaime.Irmine@gmail.com,worker
859,Magdalena,Ursulette,Magdalena.Ursulette@yopmail.com,Magdalena.Ursulette@gmail.com,firefighter
860,Helena,Connelly,Helena.Connelly@yopmail.com,Helena.Connelly@gmail.com,worker
861,Paola,Gower,Paola.Gower@yopmail.com,Paola.Gower@gmail.com,firefighter
862,Adore,Pelagias,Adore.Pelagias@yopmail.com,Adore.Pelagias@gmail.com,firefighter
863,Gerianna,Nicoline,Gerianna.Nicoline@yopmail.com,Gerianna.Nicoline@gmail.com,police officer
864,Gisela,Warthman,Gisela.Warthman@yopmail.com,Gisela.Warthman@gmail.com,developer
865,Arlina,Behre,Arlina.Behre@yopmail.com,Arlina.Behre@gmail.com,worker
866,Brooks,Daveta,Brooks.Daveta@yopmail.com,Brooks.Daveta@gmail.com,police officer
867,Mariann,Haymes,Mariann.Haymes@yopmail.com,Mariann.Haymes@gmail.com,police officer
868,Marline,Bevin,Marline.Bevin@yopmail.com,Marline.Bevin@gmail.com,worker
869,Emylee,Kirbee,Emylee.Kirbee@yopmail.com,Emylee.Kirbee@gmail.com,developer
870,Reeba,Ranjiv,Reeba.Ranjiv@yopmail.com,Reeba.Ranjiv@gmail.com,police officer
871,Jerry,Baptlsta,Jerry.Baptlsta@yopmail.com,Jerry.Baptlsta@gmail.com,firefighter
872,Ethel,Khorma,Ethel.Khorma@yopmail.com,Ethel.Khorma@gmail.com,developer
873,Larine,Federica,Larine.Federica@yopmail.com,Larine.Federica@gmail.com,developer
874,Celisse,Terencio,Celisse.Terencio@yopmail.com,Celisse.Terencio@gmail.com,developer
875,Libbie,Malina,Libbie.Malina@yopmail.com,Libbie.Malina@gmail.com,firefighter
876,Nickie,Buffum,Nickie.Buffum@yopmail.com,Nickie.Buffum@gmail.com,police officer
877,Andree,Silvan,Andree.Silvan@yopmail.com,Andree.Silvan@gmail.com,developer
878,Kalina,Prober,Kalina.Prober@yopmail.com,Kalina.Prober@gmail.com,police officer
879,Aurore,Rudolph,Aurore.Rudolph@yopmail.com,Aurore.Rudolph@gmail.com,police officer
880,Danika,Dyche,Danika.Dyche@yopmail.com,Danika.Dyche@gmail.com,developer
881,Vere,Carvey,Vere.Carvey@yopmail.com,Vere.Carvey@gmail.com,firefighter
882,Kylynn,Harriman,Kylynn.Harriman@yopmail.com,Kylynn.Harriman@gmail.com,firefighter
883,Therine,Curren,Therine.Curren@yopmail.com,Therine.Curren@gmail.com,doctor
884,Phylis,Screens,Phylis.Screens@yopmail.com,Phylis.Screens@gmail.com,developer
885,Cyb,Delacourt,Cyb.Delacourt@yopmail.com,Cyb.Delacourt@gmail.com,doctor
886,Winifred,Andrel,Winifred.Andrel@yopmail.com,Winifred.Andrel@gmail.com,developer
887,Helsa,Randene,Helsa.Randene@yopmail.com,Helsa.Randene@gmail.com,police officer
888,Kaia,Zola,Kaia.Zola@yopmail.com,Kaia.Zola@gmail.com,worker
889,Flo,Raul,Flo.Raul@yopmail.com,Flo.Raul@gmail.com,firefighter
890,Meg,Curren,Meg.Curren@yopmail.com,Meg.Curren@gmail.com,developer
891,Aili,Tomasina,Aili.Tomasina@yopmail.com,Aili.Tomasina@gmail.com,police officer
892,Katuscha,Pulsifer,Katuscha.Pulsifer@yopmail.com,Katuscha.Pulsifer@gmail.com,firefighter
893,Alisha,LaRue,Alisha.LaRue@yopmail.com,Alisha.LaRue@gmail.com,police officer
894,Etta,Bonilla,Etta.Bonilla@yopmail.com,Etta.Bonilla@gmail.com,doctor
895,Malina,Karl,Malina.Karl@yopmail.com,Malina.Karl@gmail.com,police officer
896,Ketti,Sallyann,Ketti.Sallyann@yopmail.com,Ketti.Sallyann@gmail.com,firefighter
897,Sara-Ann,Colleen,Sara-Ann.Colleen@yopmail.com,Sara-Ann.Colleen@gmail.com,police officer
898,Mara,Harriman,Mara.Harriman@yopmail.com,Mara.Harriman@gmail.com,firefighter
899,Annora,Karylin,Annora.Karylin@yopmail.com,Annora.Karylin@gmail.com,doctor
900,Hettie,Carvey,Hettie.Carvey@yopmail.com,Hettie.Carvey@gmail.com,worker
901,Merci,Wattenberg,Merci.Wattenberg@yopmail.com,Merci.Wattenberg@gmail.com,developer
902,Angela,Mozelle,Angela.Mozelle@yopmail.com,Angela.Mozelle@gmail.com,developer
903,Bobinette,Urias,Bobinette.Urias@yopmail.com,Bobinette.Urias@gmail.com,worker
904,Annaliese,Crudden,Annaliese.Crudden@yopmail.com,Annaliese.Crudden@gmail.com,firefighter
905,Livvyy,Gilbertson,Livvyy.Gilbertson@yopmail.com,Livvyy.Gilbertson@gmail.com,doctor
906,Nataline,Carleen,Nataline.Carleen@yopmail.com,Nataline.Carleen@gmail.com,police officer
907,Tori,Rooney,Tori.Rooney@yopmail.com,Tori.Rooney@gmail.com,developer
908,Edyth,Lissi,Edyth.Lissi@yopmail.com,Edyth.Lissi@gmail.com,developer
909,Heddie,Ries,Heddie.Ries@yopmail.com,Heddie.Ries@gmail.com,worker
910,Fawne,Cloris,Fawne.Cloris@yopmail.com,Fawne.Cloris@gmail.com,firefighter
911,Cyb,Elbertina,Cyb.Elbertina@yopmail.com,Cyb.Elbertina@gmail.com,firefighter
912,Ruthe,Goode,Ruthe.Goode@yopmail.com,Ruthe.Goode@gmail.com,worker
913,Molli,Nea,Molli.Nea@yopmail.com,Molli.Nea@gmail.com,doctor
914,Nonnah,Junie,Nonnah.Junie@yopmail.com,Nonnah.Junie@gmail.com,firefighter
915,Binny,Timon,Binny.Timon@yopmail.com,Binny.Timon@gmail.com,developer
916,Noelle,Ursulette,Noelle.Ursulette@yopmail.com,Noelle.Ursulette@gmail.com,firefighter
917,Cherrita,Koziara,Cherrita.Koziara@yopmail.com,Cherrita.Koziara@gmail.com,police officer
918,Ulrike,Shields,Ulrike.Shields@yopmail.com,Ulrike.Shields@gmail.com,worker
919,Sharlene,Pelagias,Sharlene.Pelagias@yopmail.com,Sharlene.Pelagias@gmail.com,developer
920,Margarette,Niles,Margarette.Niles@yopmail.com,Margarette.Niles@gmail.com,firefighter
921,Netty,Bury,Netty.Bury@yopmail.com,Netty.Bury@gmail.com,doctor
922,Ardenia,Pulsifer,Ardenia.Pulsifer@yopmail.com,Ardenia.Pulsifer@gmail.com,doctor
923,Karina,Fleeta,Karina.Fleeta@yopmail.com,Karina.Fleeta@gmail.com,police officer
924,Almeta,Jotham,Almeta.Jotham@yopmail.com,Almeta.Jotham@gmail.com,developer
925,Genovera,Poll,Genovera.Poll@yopmail.com,Genovera.Poll@gmail.com,worker
926,Violet,Wenda,Violet.Wenda@yopmail.com,Violet.Wenda@gmail.com,police officer
927,Vita,Kimmie,Vita.Kimmie@yopmail.com,Vita.Kimmie@gmail.com,developer
928,Kassey,Wareing,Kassey.Wareing@yopmail.com,Kassey.Wareing@gmail.com,worker
929,Nickie,Berne,Nickie.Berne@yopmail.com,Nickie.Berne@gmail.com,firefighter
930,Anestassia,Anton,Anestassia.Anton@yopmail.com,Anestassia.Anton@gmail.com,developer
931,Corry,Baptlsta,Corry.Baptlsta@yopmail.com,Corry.Baptlsta@gmail.com,developer
932,Vere,Bevin,Vere.Bevin@yopmail.com,Vere.Bevin@gmail.com,police officer
933,Nariko,Lubin,Nariko.Lubin@yopmail.com,Nariko.Lubin@gmail.com,police officer
934,Beatriz,Erlandson,Beatriz.Erlandson@yopmail.com,Beatriz.Erlandson@gmail.com,doctor
935,Bertine,Wareing,Bertine.Wareing@yopmail.com,Bertine.Wareing@gmail.com,doctor
936,Elbertina,Killigrew,Elbertina.Killigrew@yopmail.com,Elbertina.Killigrew@gmail.com,worker
937,Margalo,Gibbeon,Margalo.Gibbeon@yopmail.com,Margalo.Gibbeon@gmail.com,doctor
938,Netty,Rurik,Netty.Rurik@yopmail.com,Netty.Rurik@gmail.com,developer
939,Frances,Laurianne,Frances.Laurianne@yopmail.com,Frances.Laurianne@gmail.com,police officer
940,Leia,Hessler,Leia.Hessler@yopmail.com,Leia.Hessler@gmail.com,developer
941,Jessy,Douglass,Jessy.Douglass@yopmail.com,Jessy.Douglass@gmail.com,police officer
942,Augustine,Garek,Augustine.Garek@yopmail.com,Augustine.Garek@gmail.com,developer
943,Vivia,Cornelia,Vivia.Cornelia@yopmail.com,Vivia.Cornelia@gmail.com,developer
944,Eadie,Manolo,Eadie.Manolo@yopmail.com,Eadie.Manolo@gmail.com,firefighter
945,Jinny,Wooster,Jinny.Wooster@yopmail.com,Jinny.Wooster@gmail.com,worker
946,Jeanna,Oster,Jeanna.Oster@yopmail.com,Jeanna.Oster@gmail.com,doctor
947,Pearline,Lowry,Pearline.Lowry@yopmail.com,Pearline.Lowry@gmail.com,worker
948,Kayla,Baylor,Kayla.Baylor@yopmail.com,Kayla.Baylor@gmail.com,doctor
949,Meg,Helfand,Meg.Helfand@yopmail.com,Meg.Helfand@gmail.com,worker
950,Orelia,Byrne,Orelia.Byrne@yopmail.com,Orelia.Byrne@gmail.com,firefighter
951,Estell,Kimmie,Estell.Kimmie@yopmail.com,Estell.Kimmie@gmail.com,developer
952,Nananne,Quent,Nananne.Quent@yopmail.com,Nananne.Quent@gmail.com,worker
953,Aigneis,Toor,Aigneis.Toor@yopmail.com,Aigneis.Toor@gmail.com,worker
954,Shell,Halsey,Shell.Halsey@yopmail.com,Shell.Halsey@gmail.com,doctor
955,Fredericka,Greyson,Fredericka.Greyson@yopmail.com,Fredericka.Greyson@gmail.com,doctor
956,Katuscha,Chabot,Katuscha.Chabot@yopmail.com,Katuscha.Chabot@gmail.com,worker
957,Mildrid,Mullane,Mildrid.Mullane@yopmail.com,Mildrid.Mullane@gmail.com,doctor
958,Tatiania,Olin,Tatiania.Olin@yopmail.com,Tatiania.Olin@gmail.com,developer
959,Evita,Bandeen,Evita.Bandeen@yopmail.com,Evita.Bandeen@gmail.com,developer
960,Eolanda,Dawkins,Eolanda.Dawkins@yopmail.com,Eolanda.Dawkins@gmail.com,police officer
961,Kirbee,Schwejda,Kirbee.Schwejda@yopmail.com,Kirbee.Schwejda@gmail.com,firefighter
962,Mara,Iiette,Mara.Iiette@yopmail.com,Mara.Iiette@gmail.com,police officer
963,Roz,Poll,Roz.Poll@yopmail.com,Roz.Poll@gmail.com,worker
964,Queenie,Couture,Queenie.Couture@yopmail.com,Queenie.Couture@gmail.com,police officer
965,Latisha,Olin,Latisha.Olin@yopmail.com,Latisha.Olin@gmail.com,worker
966,Viki,Evangelia,Viki.Evangelia@yopmail.com,Viki.Evangelia@gmail.com,developer
967,Leanna,Dimitris,Leanna.Dimitris@yopmail.com,Leanna.Dimitris@gmail.com,firefighter
968,Elsie,Schalles,Elsie.Schalles@yopmail.com,Elsie.Schalles@gmail.com,police officer
969,Cristine,Gregrory,Cristine.Gregrory@yopmail.com,Cristine.Gregrory@gmail.com,worker
970,Natka,Marsden,Natka.Marsden@yopmail.com,Natka.Marsden@gmail.com,firefighter
971,Tilly,Gusella,Tilly.Gusella@yopmail.com,Tilly.Gusella@gmail.com,developer
972,Lita,Joachim,Lita.Joachim@yopmail.com,Lita.Joachim@gmail.com,police officer
973,Millie,Goddard,Millie.Goddard@yopmail.com,Millie.Goddard@gmail.com,worker
974,Sophia,Obed,Sophia.Obed@yopmail.com,Sophia.Obed@gmail.com,doctor
975,Annora,Shaver,Annora.Shaver@yopmail.com,Annora.Shaver@gmail.com,police officer
976,Alexine,Orpah,Alexine.Orpah@yopmail.com,Alexine.Orpah@gmail.com,firefighter
977,Lonnie,Trinetta,Lonnie.Trinetta@yopmail.com,Lonnie.Trinetta@gmail.com,police officer
978,Morganica,Penelopa,Morganica.Penelopa@yopmail.com,Morganica.Penelopa@gmail.com,police officer
979,Dania,Zachary,Dania.Zachary@yopmail.com,Dania.Zachary@gmail.com,firefighter
980,Danny,Martguerita,Danny.Martguerita@yopmail.com,Danny.Martguerita@gmail.com,developer
981,Daryl,McGrody,Daryl.McGrody@yopmail.com,Daryl.McGrody@gmail.com,police officer
982,Joleen,Bryna,Joleen.Bryna@yopmail.com,Joleen.Bryna@gmail.com,firefighter
983,Chere,Thomasina,Chere.Thomasina@yopmail.com,Chere.Thomasina@gmail.com,developer
984,Addia,Zrike,Addia.Zrike@yopmail.com,Addia.Zrike@gmail.com,doctor
985,Brietta,Paine,Brietta.Paine@yopmail.com,Brietta.Paine@gmail.com,developer
986,Phedra,Holtz,Phedra.Holtz@yopmail.com,Phedra.Holtz@gmail.com,firefighter
987,Netty,Abram,Netty.Abram@yopmail.com,Netty.Abram@gmail.com,doctor
988,Gabi,Levey,Gabi.Levey@yopmail.com,Gabi.Levey@gmail.com,firefighter
989,Nickie,Thunell,Nickie.Thunell@yopmail.com,Nickie.Thunell@gmail.com,firefighter
990,Libbie,Raffo,Libbie.Raffo@yopmail.com,Libbie.Raffo@gmail.com,firefighter
991,Julieta,Whittaker,Julieta.Whittaker@yopmail.com,Julieta.Whittaker@gmail.com,police officer
992,Valera,Jeanne,Valera.Jeanne@yopmail.com,Valera.Jeanne@gmail.com,firefighter
993,Merci,Tamsky,Merci.Tamsky@yopmail.com,Merci.Tamsky@gmail.com,worker
994,Doralynne,Alice,Doralynne.Alice@yopmail.com,Doralynne.Alice@gmail.com,police officer
995,Lorne,Diogenes,Lorne.Diogenes@yopmail.com,Lorne.Diogenes@gmail.com,worker
996,Ileana,Audly,Ileana.Audly@yopmail.com,Ileana.Audly@gmail.com,firefighter
997,Glynnis,Carbo,Glynnis.Carbo@yopmail.com,Glynnis.Carbo@gmail.com,doctor
998,Sybille,Donell,Sybille.Donell@yopmail.com,Sybille.Donell@gmail.com,doctor
999,Jemie,Ader,Jemie.Ader@yopmail.com,Jemie.Ader@gmail.com,developer
1000,Valli,Garbe,Valli.Garbe@yopmail.com,Valli.Garbe@gmail.com,police officer
1001,Tybie,Georas,Tybie.Georas@yopmail.com,Tybie.Georas@gmail.com,developer
1002,Tersina,Sammons,Tersina.Sammons@yopmail.com,Tersina.Sammons@gmail.com,worker
1003,Starla,Angelis,Starla.Angelis@yopmail.com,Starla.Angelis@gmail.com,doctor
1004,Neila,Pyle,Neila.Pyle@yopmail.com,Neila.Pyle@gmail.com,developer
1005,Roseline,Graig,Roseline.Graig@yopmail.com,Roseline.Graig@gmail.com,worker
1006,Damaris,Rugen,Damaris.Rugen@yopmail.com,Damaris.Rugen@gmail.com,developer
1007,Kary,Gaulin,Kary.Gaulin@yopmail.com,Kary.Gaulin@gmail.com,firefighter
1008,Felice,Loleta,Felice.Loleta@yopmail.com,Felice.Loleta@gmail.com,developer
1009,Jackie,Esmaria,Jackie.Esmaria@yopmail.com,Jackie.Esmaria@gmail.com,firefighter
1010,Iseabal,Lumbard,Iseabal.Lumbard@yopmail.com,Iseabal.Lumbard@gmail.com,firefighter
1011,Cyndie,Fredi,Cyndie.Fredi@yopmail.com,Cyndie.Fredi@gmail.com,developer
1012,Arlina,Stoller,Arlina.Stoller@yopmail.com,Arlina.Stoller@gmail.com,firefighter
1013,Kathy,Loring,Kathy.Loring@yopmail.com,Kathy.Loring@gmail.com,worker
1014,Brana,Ledah,Brana.Ledah@yopmail.com,Brana.Ledah@gmail.com,doctor
1015,Annabela,Lanita,Annabela.Lanita@yopmail.com,Annabela.Lanita@gmail.com,doctor
1016,Carree,Bari,Carree.Bari@yopmail.com,Carree.Bari@gmail.com,firefighter
1017,Dale,Faso,Dale.Faso@yopmail.com,Dale.Faso@gmail.com,police officer
1018,Gabi,Johanna,Gabi.Johanna@yopmail.com,Gabi.Johanna@gmail.com,doctor
1019,Basia,Modie,Basia.Modie@yopmail.com,Basia.Modie@gmail.com,worker
1020,Merry,Decato,Merry.Decato@yopmail.com,Merry.Decato@gmail.com,developer
1021,Hyacinthe,Liva,Hyacinthe.Liva@yopmail.com,Hyacinthe.Liva@gmail.com,worker
1022,Vanessa,Brodench,Vanessa.Brodench@yopmail.com,Vanessa.Brodench@gmail.com,developer
1023,Codie,Smitt,Codie.Smitt@yopmail.com,Codie.Smitt@gmail.com,firefighter
1024,Bertine,Joli,Bertine.Joli@yopmail.com,Bertine.Joli@gmail.com,firefighter
1025,Sadie,Wesle,Sadie.Wesle@yopmail.com,Sadie.Wesle@gmail.com,developer
1026,Sara-Ann,Ehrman,Sara-Ann.Ehrman@yopmail.com,Sara-Ann.Ehrman@gmail.com,firefighter
1027,Kristina,Honoria,Kristina.Honoria@yopmail.com,Kristina.Honoria@gmail.com,worker
1028,Jolyn,Lory,Jolyn.Lory@yopmail.com,Jolyn.Lory@gmail.com,police officer
1029,Kial,Redmond,Kial.Redmond@yopmail.com,Kial.Redmond@gmail.com,doctor
1030,Drucie,Kellby,Drucie.Kellby@yopmail.com,Drucie.Kellby@gmail.com,developer
1031,Gerianna,Etom,Gerianna.Etom@yopmail.com,Gerianna.Etom@gmail.com,worker
1032,Stevana,Dunkin,Stevana.Dunkin@yopmail.com,Stevana.Dunkin@gmail.com,doctor
1033,Vere,Plato,Vere.Plato@yopmail.com,Vere.Plato@gmail.com,doctor
1034,Kittie,Voletta,Kittie.Voletta@yopmail.com,Kittie.Voletta@gmail.com,firefighter
1035,Elka,Paine,Elka.Paine@yopmail.com,Elka.Paine@gmail.com,developer
1036,Arlena,Percy,Arlena.Percy@yopmail.com,Arlena.Percy@gmail.com,worker
1037,Codie,Granoff,Codie.Granoff@yopmail.com,Codie.Granoff@gmail.com,doctor
1038,Kamilah,McAdams,Kamilah.McAdams@yopmail.com,Kamilah.McAdams@gmail.com,doctor
1039,Talya,Bobbee,Talya.Bobbee@yopmail.com,Talya.Bobbee@gmail.com,doctor
1040,Vevay,Janene,Vevay.Janene@yopmail.com,Vevay.Janene@gmail.com,doctor
1041,Celisse,Seumas,Celisse.Seumas@yopmail.com,Celisse.Seumas@gmail.com,worker
1042,Dotty,Neils,Dotty.Neils@yopmail.com,Dotty.Neils@gmail.com,doctor
1043,Katleen,Sundin,Katleen.Sundin@yopmail.com,Katleen.Sundin@gmail.com,worker
1044,Talya,Bryna,Talya.Bryna@yopmail.com,Talya.Bryna@gmail.com,developer
1045,Angelique,Poll,Angelique.Poll@yopmail.com,Angelique.Poll@gmail.com,firefighter
1046,Vevay,Cutlerr,Vevay.Cutlerr@yopmail.com,Vevay.Cutlerr@gmail.com,worker
1047,Bernie,Jeanne,Bernie.Jeanne@yopmail.com,Bernie.Jeanne@gmail.com,doctor
1048,Tiffie,Ivens,Tiffie.Ivens@yopmail.com,Tiffie.Ivens@gmail.com,doctor
1049,Sarette,Kaja,Sarette.Kaja@yopmail.com,Sarette.Kaja@gmail.com,police officer
1050,Rozele,Presber,Rozele.Presber@yopmail.com,Rozele.Presber@gmail.com,doctor
1051,Berta,Colleen,Berta.Colleen@yopmail.com,Berta.Colleen@gmail.com,doctor
1052,Karly,Bashemeth,Karly.Bashemeth@yopmail.com,Karly.Bashemeth@gmail.com,police officer
1053,Helena,Rudolph,Helena.Rudolph@yopmail.com,Helena.Rudolph@gmail.com,developer
1054,Lanae,Rese,Lanae.Rese@yopmail.com,Lanae.Rese@gmail.com,firefighter
1055,Fred,Haldas,Fred.Haldas@yopmail.com,Fred.Haldas@gmail.com,firefighter
1056,Aimil,Ioab,Aimil.Ioab@yopmail.com,Aimil.Ioab@gmail.com,doctor
1057,Glynnis,Goldina,Glynnis.Goldina@yopmail.com,Glynnis.Goldina@gmail.com,worker
1058,Rozele,Pond,Rozele.Pond@yopmail.com,Rozele.Pond@gmail.com,doctor
1059,Chickie,Longfellow,Chickie.Longfellow@yopmail.com,Chickie.Longfellow@gmail.com,doctor
1060,Siana,Madaih,Siana.Madaih@yopmail.com,Siana.Madaih@gmail.com,police officer
1061,Tressa,Means,Tressa.Means@yopmail.com,Tressa.Means@gmail.com,firefighter
1062,Silvana,Silvan,Silvana.Silvan@yopmail.com,Silvana.Silvan@gmail.com,developer
1063,Janeczka,Macey,Janeczka.Macey@yopmail.com,Janeczka.Macey@gmail.com,doctor
1064,Michaelina,Chauncey,Michaelina.Chauncey@yopmail.com,Michaelina.Chauncey@gmail.com,worker
1065,Orelia,Clara,Orelia.Clara@yopmail.com,Orelia.Clara@gmail.com,firefighter
1066,Pierette,Drus,Pierette.Drus@yopmail.com,Pierette.Drus@gmail.com,firefighter
1067,Perry,Zeeba,Perry.Zeeba@yopmail.com,Perry.Zeeba@gmail.com,doctor
1068,Konstance,Colp,Konstance.Colp@yopmail.com,Konstance.Colp@gmail.com,worker
1069,Tomasina,Raul,Tomasina.Raul@yopmail.com,Tomasina.Raul@gmail.com,worker
1070,Rayna,Yuille,Rayna.Yuille@yopmail.com,Rayna.Yuille@gmail.com,worker
1071,Tori,Cottle,Tori.Cottle@yopmail.com,Tori.Cottle@gmail.com,developer
1072,Michaelina,Gunn,Michaelina.Gunn@yopmail.com,Michaelina.Gunn@gmail.com,firefighter
1073,Dulce,Cleavland,Dulce.Cleavland@yopmail.com,Dulce.Cleavland@gmail.com,firefighter
1074,Katleen,Vorster,Katleen.Vorster@yopmail.com,Katleen.Vorster@gmail.com,worker
1075,Max,Letsou,Max.Letsou@yopmail.com,Max.Letsou@gmail.com,police officer
1076,Farrah,Bebe,Farrah.Bebe@yopmail.com,Farrah.Bebe@gmail.com,firefighter
1077,Shannah,Abbot,Shannah.Abbot@yopmail.com,Shannah.Abbot@gmail.com,doctor
1078,Christy,Seligman,Christy.Seligman@yopmail.com,Christy.Seligman@gmail.com,worker
1079,Raina,Bury,Raina.Bury@yopmail.com,Raina.Bury@gmail.com,doctor
1080,Marleah,Fax,Marleah.Fax@yopmail.com,Marleah.Fax@gmail.com,police officer
1081,Nadine,Barbey,Nadine.Barbey@yopmail.com,Nadine.Barbey@gmail.com,police officer
1082,Minda,Ursulette,Minda.Ursulette@yopmail.com,Minda.Ursulette@gmail.com,firefighter
1083,Carree,Whittaker,Carree.Whittaker@yopmail.com,Carree.Whittaker@gmail.com,firefighter
1084,Florencia,Love,Florencia.Love@yopmail.com,Florencia.Love@gmail.com,police officer
1085,Lila,Posner,Lila.Posner@yopmail.com,Lila.Posner@gmail.com,developer
1086,Ursulina,Tayib,Ursulina.Tayib@yopmail.com,Ursulina.Tayib@gmail.com,doctor
1087,Ninnetta,Sabella,Ninnetta.Sabella@yopmail.com,Ninnetta.Sabella@gmail.com,doctor
1088,Alisha,Vorster,Alisha.Vorster@yopmail.com,Alisha.Vorster@gmail.com,firefighter
1089,Trudie,Raama,Trudie.Raama@yopmail.com,Trudie.Raama@gmail.com,police officer
1090,Neila,Bach,Neila.Bach@yopmail.com,Neila.Bach@gmail.com,worker
1091,Bettine,Linehan,Bettine.Linehan@yopmail.com,Bettine.Linehan@gmail.com,developer
1092,Raf,Torray,Raf.Torray@yopmail.com,Raf.Torray@gmail.com,worker
1093,Angelique,Sabella,Angelique.Sabella@yopmail.com,Angelique.Sabella@gmail.com,doctor
1094,Merrie,Burch,Merrie.Burch@yopmail.com,Merrie.Burch@gmail.com,developer
1095,Aurelie,Carri,Aurelie.Carri@yopmail.com,Aurelie.Carri@gmail.com,worker
1096,Devina,Skell,Devina.Skell@yopmail.com,Devina.Skell@gmail.com,developer
1097,Lanae,Zenas,Lanae.Zenas@yopmail.com,Lanae.Zenas@gmail.com,developer
1098,Kamilah,McAdams,Kamilah.McAdams@yopmail.com,Kamilah.McAdams@gmail.com,doctor
1099,Alie,Christal,Alie.Christal@yopmail.com,Alie.Christal@gmail.com,firefighter